mtllib materials.mtl
v 0.9833149 -4.318317 -0.03769609
v 0.9465225 -4.309806 -0.01041502
v 0.9249467 -4.486598 0.01564488
v 0.9617391 -4.495109 -0.0116362
v 0.9286729 -4.301406 0.0317896
v 0.907097 -4.478198 0.0578495
v 0.9345489 -4.295369 0.07760897
v 0.912973 -4.472161 0.1036689
v 0.962576 -4.293313 0.1147659
v 0.9410002 -4.470105 0.1408258
v 1.005244 -4.295787 0.1333042
v 0.9836686 -4.472579 0.1593641
v 1.051121 -4.30213 0.1282566
v 1.029545 -4.478922 0.1543165
v 1.087914 -4.310642 0.1009755
v 1.066338 -4.487433 0.1270353
v 1.105763 -4.319041 0.05877087
v 1.084188 -4.495833 0.08483076
v 1.099887 -4.325078 0.01295146
v 1.078311 -4.50187 0.03901139
v 1.07186 -4.327135 -0.02420545
v 1.050284 -4.503927 0.00185445
v 1.029192 -4.32466 -0.04274377
v 1.007616 -4.501452 -0.01668388
v 1.154125 -4.04119 -0.05883595
v 1.172967 -4.041725 -0.02138349
v 1.171593 -4.035443 0.02004907
v 1.150369 -4.024026 0.05435988
v 1.114984 -4.010533 0.07235539
v 1.074918 -3.99858 0.06921375
v 1.040907 -3.99137 0.04577672
v 1.022065 -3.990834 0.008324236
v 1.023439 -3.997117 -0.03310832
v 1.044663 -4.008534 -0.06741914
v 1.080048 -4.022027 -0.08541465
v 1.120114 -4.033979 -0.08227304
v 1.31951 -3.686683 -0.09291425
v 1.287918 -3.67431 -0.1175485
v 1.335582 -3.692454 -0.0546205
v 1.331826 -3.690078 -0.01292807
v 1.30925 -3.68019 0.02099177
v 1.273902 -3.665441 0.03805006
v 1.235253 -3.649782 0.03367615
v 1.203661 -3.637409 0.009041935
v 1.187589 -3.631638 -0.02925184
v 1.191345 -3.634014 -0.07094434
v 1.213921 -3.643902 -0.1048641
v 1.249269 -3.658651 -0.1219224
v 1.470693 -3.257689 -0.05176172
v 1.489825 -3.273367 -0.01790655
v 1.487976 -3.287898 0.02137998
v 1.46564 -3.29739 0.05557126
v 1.428802 -3.299298 0.07550547
v 1.387334 -3.293111 0.07584158
v 1.352346 -3.280488 0.05648926
v 1.333213 -3.26481 0.02263406
v 1.335063 -3.250279 -0.01665246
v 1.357399 -3.240788 -0.05084378
v 1.394236 -3.238879 -0.07077804
v 1.435705 -3.245066 -0.07111406
v 1.481913 -2.86534 0.03999102
v 1.505518 -2.878172 0.07218057
v 1.508637 -2.893998 0.1108821
v 1.490434 -2.908579 0.1457259
v 1.455786 -2.918006 0.1673751
v 1.413978 -2.919755 0.1700293
v 1.376212 -2.913356 0.1529771
v 1.352607 -2.900524 0.1207875
v 1.349488 -2.884697 0.08208588
v 1.367691 -2.870117 0.04724213
v 1.402339 -2.86069 0.02559283
v 1.444147 -2.858941 0.0229387
v 1.327749 -2.402703 0.1672754
v 1.357515 -2.40147 0.1904362
v 1.373612 -2.410113 0.2234543
v 1.371726 -2.426315 0.2574827
v 1.352361 -2.445735 0.2834033
v 1.320709 -2.463171 0.2942708
v 1.285248 -2.473948 0.2871734
v 1.255481 -2.475181 0.2640125
v 1.239384 -2.466538 0.2309943
v 1.241271 -2.450336 0.196966
v 1.260635 -2.430916 0.1710454
v 1.292288 -2.413481 0.1601778
v 1.156435 -1.971343 0.2666859
v 1.131698 -1.992702 0.2574497
v 1.177309 -1.959042 0.2904851
v 1.188728 -1.959096 0.3224702
v 1.187631 -1.97149 0.3540714
v 1.174312 -1.992903 0.3768204
v 1.152341 -2.017598 0.3846221
v 1.127604 -2.038958 0.3753861
v 1.10673 -2.051258 0.3515868
v 1.095311 -2.051204 0.3196014
v 1.096409 -2.03881 0.2880006
v 1.109727 -2.017397 0.2652515
v 0.8492047 -1.46656 0.3507781
v 0.8235148 -1.481315 0.343254
v 0.8674915 -1.454405 0.3720416
v 0.8734751 -1.448107 0.401347
v 0.8655522 -1.449353 0.4308424
v 0.8458456 -1.457809 0.4526238
v 0.819636 -1.47121 0.4608554
v 0.793946 -1.485964 0.4533314
v 0.7756592 -1.498119 0.4320678
v 0.7696754 -1.504418 0.4027621
v 0.7775984 -1.503172 0.373267
v 0.797305 -1.494716 0.3514856
v 0.3881781 -0.8231465 0.3093076
v 0.3668936 -0.8392977 0.3027593
v 0.4056033 -0.813152 0.3281024
v 0.4145 -0.8119918 0.3541075
v 0.4124844 -0.8199774 0.3803557
v 0.4000967 -0.8349687 0.3998125
v 0.3806559 -0.8529488 0.4072653
v 0.3593714 -0.8691005 0.400717
v 0.3419462 -0.8790947 0.3819222
v 0.3330492 -0.8802549 0.3559169
v 0.3350648 -0.8722688 0.3296694
v 0.3474529 -0.8572775 0.3102122
v 0.2146035 -0.4929503 0.2740014
v 0.2279735 -0.4878727 0.2942115
v 0.2293093 -0.4840699 0.3186398
v 0.2182525 -0.4825619 0.3407412
v 0.1977662 -0.4837526 0.3545931
v 0.1733396 -0.4873229 0.3564844
v 0.1515175 -0.4923166 0.3459081
v 0.1381476 -0.4973947 0.3256982
v 0.1368117 -0.501197 0.3012698
v 0.1478686 -0.5027047 0.2791686
v 0.168355 -0.5015141 0.2653165
v 0.1927817 -0.497944 0.2634252
v 0.02374977 -0.1050678 0.08354101
v 0.02883899 -0.0922204 0.1010215
v 0.02254444 -0.08106717 0.1192558
v 0.006551683 -0.07459697 0.1333593
v -0.01485288 -0.07454357 0.139552
v -0.03593469 -0.08092126 0.1361752
v -0.05104482 -0.09202155 0.1241335
v -0.05613405 -0.104869 0.1066534
v -0.04983962 -0.1160222 0.08841863
v -0.03384697 -0.1224919 0.07431531
v -0.01244199 -0.1225453 0.06812263
v 0.008639812 -0.1161676 0.07149935
v -0.1198921 0.3413071 -0.09654787
v -0.1170806 0.3427633 -0.08227527
v -0.121794 0.3435625 -0.06845924
v -0.13277 0.3434881 -0.05880186
v -0.1470667 0.3425607 -0.05589092
v -0.160854 0.34103 -0.06050625
v -0.1704375 0.3393039 -0.07141119
v -0.1732491 0.3378467 -0.08568361
v -0.1685356 0.3370489 -0.09949982
v -0.1575598 0.3371233 -0.1091568
v -0.1432629 0.3380503 -0.1120681
v -0.1294757 0.3395819 -0.1074529
v -0.2556018 1.208806 -0.3830952
v -0.2622647 1.209499 -0.3913847
v -0.2539279 1.208856 -0.3725699
v -0.2576906 1.209636 -0.3626289
v -0.2658826 1.210936 -0.3559361
v -0.2763079 1.212409 -0.3542849
v -0.2861736 1.21366 -0.3581174
v -0.2928366 1.214352 -0.366407
v -0.2945109 1.214301 -0.3769322
v -0.2907479 1.213522 -0.3868732
v -0.2825562 1.212222 -0.3935657
v -0.2721308 1.210749 -0.3952173
v 0.1946867 0.03900725 0.1228688
v 0.0282231 -0.1065201 0.1188518
v 0.03072536 -0.1093871 0.1223609
v 0.02496094 -0.1026651 0.1177148
v 0.02181298 -0.09885529 0.1192544
v 0.01962274 -0.09611137 0.1230582
v 0.01897705 -0.09516859 0.1281069
v 0.02004898 -0.09627959 0.1330477
v 0.02255124 -0.09914666 0.1365567
v 0.0258134 -0.1030016 0.1376938
v 0.02896136 -0.1068114 0.1361541
v 0.03115159 -0.1095553 0.1323504
v 0.03179723 -0.1104981 0.1273017
v -0.2178512 0.2698806 0.2435812
v -0.0603376 0.0607076 0.06986383
v -0.05987042 0.05766639 0.07402647
v -0.06300718 0.06222281 0.06569585
v -0.067164 0.06180599 0.06263936
v -0.0716942 0.05956888 0.06151333
v -0.07538384 0.05611086 0.06261948
v -0.07724434 0.05235851 0.0656614
v -0.07677716 0.04931727 0.06982407
v -0.07410747 0.04780206 0.07399204
v -0.06995064 0.04821888 0.07704854
v -0.06542057 0.05045602 0.07817456
v -0.06173092 0.05391404 0.07706842
v -0.3042156 0.1923877 -0.1546854
v -0.1192965 0.2101576 -0.03726229
v -0.1206499 0.2059266 -0.03460479
v -0.1169832 0.2123354 -0.04134896
v -0.1143299 0.2118764 -0.04576978
v -0.1120474 0.2089037 -0.04934025
v -0.1107474 0.2042137 -0.05110359
v -0.1107782 0.1990633 -0.05058736
v -0.1121315 0.1948323 -0.04792985
v -0.1144448 0.1926545 -0.04384318
v -0.1170982 0.1931135 -0.03942236
v -0.1193807 0.1960862 -0.03585193
v -0.1206807 0.2007762 -0.03408855
v -0.04387587 0.4629894 -0.3069995
v -0.1670797 0.4395002 -0.1298529
v -0.164974 0.4336747 -0.1293035
v -0.1667768 0.445174 -0.1289164
v -0.1641464 0.4491757 -0.126745
v -0.1598932 0.450433 -0.1239205
v -0.1551571 0.4486091 -0.1211997
v -0.1512069 0.4441927 -0.1193117
v -0.1491012 0.4383672 -0.1187623
v -0.1494042 0.4326935 -0.1196988
v -0.1520347 0.4286918 -0.1218702
v -0.1562877 0.4274344 -0.1246947
v -0.1610239 0.4292583 -0.1274155
v -0.0995819 -0.3299465 -0.01748213
v -0.004902899 -0.1884286 0.1364995
v -0.008853674 -0.1900658 0.1407465
v 0.003662825 -0.1905901 0.1320391
v 0.0145483 -0.1959714 0.1285606
v 0.02483678 -0.2031303 0.1269959
v 0.03177148 -0.2101487 0.1277644
v 0.03349423 -0.2151461 0.1306601
v 0.02954346 -0.2167833 0.1349072
v 0.02097774 -0.2146217 0.1393675
v 0.01009226 -0.2092404 0.1428461
v -0.0001962185 -0.2020815 0.1444107
v -0.007130921 -0.1950631 0.1436422
v -0.1874533 0.6327574 0.02202508
v -0.1672961 0.5318153 -0.1260829
v -0.1666684 0.527653 -0.1230703
v -0.170404 0.5350736 -0.1286362
v -0.1751594 0.5365549 -0.1300458
v -0.180288 0.5358623 -0.1299342
v -0.1844156 0.5331813 -0.1283311
v -0.1864364 0.5292304 -0.1256663
v -0.1858087 0.525068 -0.1226536
v -0.1827008 0.5218097 -0.1201003
v -0.1779454 0.5203284 -0.1186907
v -0.1728168 0.521021 -0.1188023
v -0.1686891 0.523702 -0.1204054
v -0.006909668 0.330494 -0.01936364
v -0.1008932 0.2720088 -0.05266401
v -0.09725589 0.2667559 -0.05287904
v -0.1042736 0.2759351 -0.04992628
v -0.1064913 0.2774826 -0.04539943
v -0.1069519 0.2762367 -0.04029638
v -0.1055322 0.2725314 -0.03598452
v -0.1026126 0.2673593 -0.0336192
v -0.09897524 0.2621063 -0.03383419
v -0.09559482 0.2581801 -0.03657192
v -0.09337717 0.2566326 -0.0410988
v -0.09291655 0.2578784 -0.04620185
v -0.09433621 0.2615838 -0.05051371
v 0.2356698 -0.3065219 0.04217041
v 0.1257413 -0.3406544 0.2052856
v 0.129173 -0.3442355 0.2067669
v 0.1241722 -0.3357228 0.2051779
v 0.124886 -0.330762 0.2064727
v 0.1276915 -0.3271014 0.2088229
v 0.1318371 -0.3257217 0.2115989
v 0.1362118 -0.3269928 0.2140568
v 0.1396435 -0.3305738 0.2155381
v 0.1412126 -0.3355055 0.2156457
v 0.1404988 -0.3404662 0.214351
v 0.1376933 -0.3441269 0.2120008
v 0.1335477 -0.3455065 0.2092248
v -0.1170245 -0.5385047 0.3239512
v 0.1248882 -0.4529069 0.2873831
v 0.1254776 -0.4525377 0.2925126
v 0.1251602 -0.4556922 0.2830285
v 0.1262205 -0.4601474 0.2806154
v 0.1277851 -0.4650785 0.2807906
v 0.1294348 -0.4691644 0.2835071
v 0.1307275 -0.4713102 0.2880369
v 0.1313168 -0.470941 0.2931663
v 0.1310449 -0.4681557 0.297521
v 0.1299846 -0.4637005 0.299934
v 0.1284199 -0.4587694 0.2997588
v 0.1267703 -0.4546835 0.2970424
v 0.1907808 -0.6596397 0.05476725
v 0.2332674 -0.5964273 0.3025273
v 0.2382767 -0.5975747 0.301907
v 0.2293848 -0.5930136 0.3022681
v 0.2276694 -0.5882483 0.3011987
v 0.2285807 -0.5834081 0.2996057
v 0.2318746 -0.5797901 0.297916
v 0.2366685 -0.5783638 0.2965823
v 0.2416778 -0.5795111 0.2959619
v 0.2455604 -0.5829248 0.2962212
v 0.2472758 -0.5876902 0.2972905
v 0.2463645 -0.5925303 0.2988835
v 0.2430706 -0.5961483 0.3005732
v 0.3449414 -0.7888929 0.63603
v 0.3277576 -0.7750413 0.3777688
v 0.3234039 -0.7722845 0.3782583
v 0.3329209 -0.7752508 0.3774659
v 0.3375102 -0.7728567 0.3774307
v 0.3402959 -0.7685004 0.3776726
v 0.3405314 -0.7633494 0.3781268
v 0.3381538 -0.7587838 0.3786716
v 0.3338001 -0.7560269 0.379161
v 0.3286368 -0.7558174 0.3794639
v 0.3240475 -0.7582116 0.3794991
v 0.3212618 -0.7625678 0.3792572
v 0.3210263 -0.7677189 0.378803
v -0.2750917 0.7900666 -0.2396309
v -0.2227871 0.7916853 -0.2282957
v -0.2238782 0.788933 -0.2240497
v -0.2219444 0.791911 -0.233398
v -0.2215762 0.7895494 -0.2379896
v -0.2217807 0.7852334 -0.2408399
v -0.2225035 0.7801193 -0.2411854
v -0.2235507 0.7755777 -0.2389335
v -0.224642 0.7728252 -0.2346874
v -0.2254845 0.7725997 -0.2295851
v -0.2258529 0.7749612 -0.2249936
v -0.2256482 0.7792773 -0.2221432
v -0.2249255 0.7843913 -0.2217977
v -0.1725312 0.8903913 -0.2479738
v -0.2067122 0.8634083 -0.2645414
v -0.2040058 0.8593761 -0.2627493
v -0.2098874 0.8674079 -0.2636956
v -0.212681 0.8703032 -0.2604385
v -0.2143441 0.8713183 -0.2556428
v -0.2144311 0.8701814 -0.2505936
v -0.2129188 0.867197 -0.2466437
v -0.2102124 0.8631649 -0.2448516
v -0.207037 0.8591653 -0.2456974
v -0.2042436 0.85627 -0.2489545
v -0.2025805 0.8552548 -0.2537502
v -0.2024935 0.8563918 -0.2587994
v -0.1362137 0.7334861 -0.1437187
v -0.175083 0.6633743 -0.1958838
v -0.1720913 0.660008 -0.1933318
v -0.1794164 0.6661899 -0.1961825
v -0.1839301 0.6677006 -0.194148
v -0.1874147 0.6675016 -0.1903254
v -0.1889367 0.665646 -0.185739
v -0.188088 0.6626312 -0.1816176
v -0.1850962 0.6592649 -0.1790656
v -0.1807629 0.6564492 -0.1787669
v -0.1762492 0.6549385 -0.1808014
v -0.1727645 0.6551377 -0.184624
v -0.1712427 0.6569932 -0.1892105
v -0.3173541 0.6070191 -0.222293
v -0.1912989 0.6074585 -0.1840328
v -0.1928127 0.6057798 -0.1793761
v -0.1899176 0.6064711 -0.1889228
v -0.1890388 0.6030823 -0.1927358
v -0.1888981 0.5982 -0.19445
v -0.1895333 0.5931325 -0.1936062
v -0.1907739 0.5892376 -0.1904305
v -0.1922877 0.5875589 -0.1857738
v -0.1936691 0.5885463 -0.1808838
v -0.1945478 0.591935 -0.1770708
v -0.1946885 0.5968173 -0.1753566
v -0.1940535 0.6018848 -0.1762004
v -0.1086441 0.6006451 -0.2248269
v -0.1771602 0.564752 -0.1775216
v -0.173896 0.5610996 -0.1758483
v -0.1791653 0.5695058 -0.177102
v -0.1793739 0.5740873 -0.1747017
v -0.1777301 0.5772688 -0.1709639
v -0.1746746 0.578198 -0.1668902
v -0.1710258 0.5766257 -0.1635721
v -0.1677616 0.5729734 -0.1618987
v -0.1657566 0.5682195 -0.1623184
v -0.165548 0.5636381 -0.1647187
v -0.1671917 0.5604565 -0.1684565
v -0.1702473 0.5595274 -0.1725302
v -0.04250771 0.1509848 -0.02501243
v -0.06177562 0.1396679 -0.02419037
v -0.05954045 0.1373402 -0.02014312
v -0.06368119 0.1439344 -0.02641764
v -0.06474656 0.1489964 -0.0262281
v -0.06468636 0.1534976 -0.02367258
v -0.06351656 0.1562319 -0.01943579
v -0.06155068 0.1564665 -0.014653
v -0.05931538 0.1541387 -0.01060572
v -0.05740982 0.1498723 -0.008378476
v -0.05634445 0.1448103 -0.008567989
v -0.05640465 0.1403091 -0.01112354
v -0.05757457 0.1375749 -0.01536033
v -0.02343088 -0.2412287 0.2414589
v 0.03466892 -0.2369123 0.1993034
v 0.03715909 -0.2347212 0.2032774
v 0.03298026 -0.2411516 0.1968597
v 0.03254545 -0.2463032 0.1966012
v 0.03348106 -0.2509867 0.1985972
v 0.03553635 -0.2539472 0.2023128
v 0.03816062 -0.2543915 0.2067525
v 0.04065078 -0.2522004 0.2107266
v 0.04233944 -0.2479611 0.2131703
v 0.04277426 -0.2428095 0.2134288
v 0.04183865 -0.238126 0.2114327
v 0.03978336 -0.2351654 0.2077172
v -0.2251635 0.8871112 -0.359415
v -0.233054 0.9065707 -0.2731764
v -0.2321351 0.9015867 -0.272123
v -0.2313035 0.9113237 -0.2742441
v -0.2273524 0.9145719 -0.27504
v -0.2222598 0.9154451 -0.2753508
v -0.2173899 0.9137093 -0.2750934
v -0.2140477 0.9098296 -0.2743366
v -0.2131289 0.9048455 -0.2732832
v -0.2148795 0.9000926 -0.2722155
v -0.2188304 0.8968443 -0.2714196
v -0.2239231 0.8959711 -0.2711088
v -0.228793 0.8977069 -0.2713662
v -0.32433 1.042444 -0.3198843
v -0.2618235 1.058225 -0.3092202
v -0.2616246 1.054307 -0.3058434
v -0.2616426 1.059955 -0.3140957
v -0.2611308 1.059033 -0.3191634
v -0.2604249 1.055706 -0.3230656
v -0.2597143 1.050865 -0.3247565
v -0.2591892 1.045808 -0.3237832
v -0.2589903 1.04189 -0.3204063
v -0.2591712 1.04016 -0.3155308
v -0.2596831 1.041083 -0.3104631
v -0.2603889 1.04441 -0.3065609
v -0.2610995 1.04925 -0.30487
v -0.3094074 1.232116 -0.3709617
v -0.2927917 1.177538 -0.3504637
v -0.2662737 1.18494 -0.3779495
v -0.2818063 1.238605 -0.4014823
v -0.2537125 1.223841 -0.3484986
v -0.2260546 1.230283 -0.3791781
v -0.2024875 0.3585991 -0.1343424
v -0.2341195 0.3484735 -0.08362848
v -0.2121035 0.3190286 -0.07844782
v -0.1791988 0.3241679 -0.1291022
v -0.1762688 0.3662698 -0.08022454
v -0.1528204 0.3312137 -0.07497698
v -0.2677898 0.3700473 -0.08706945
v -0.2115893 0.3925017 -0.08356121
v -0.2375525 0.3841096 -0.1376952
v -0.3105454 0.3754706 -0.08981276
v -0.2569353 0.4035201 -0.08604673
v -0.2820353 0.3932638 -0.1402666
v -0.3533751 0.3595251 -0.08976924
v -0.3008913 0.389615 -0.08589098
v -0.3254715 0.3784169 -0.1401627
v -0.08267099 0.363953 -0.1511653
v -0.1063392 0.3627916 -0.09536678
v -0.1310132 0.3313873 -0.08725062
v -0.1072635 0.3316191 -0.143026
v -0.04629511 0.3666954 -0.1027477
v -0.07117742 0.3376583 -0.0946905
v -0.07054716 0.3855476 -0.09752926
v -0.01039392 0.387058 -0.1049
v -0.04684973 0.3860681 -0.1533251
v -0.02689314 0.3959541 -0.0996938
v 0.03327817 0.3962381 -0.1070666
v -0.003193378 0.3963195 -0.1554899
v 0.05995262 0.4039078 -0.09161338
v 0.003095925 0.3934739 -0.1098748
v 0.04719025 0.4009339 -0.150802
v 0.09772688 0.3787278 -0.08482993
v 0.04003578 0.3810603 -0.1033049
v 0.08481491 0.3780431 -0.1440568
v -0.3032346 0.9658257 -0.3397192
v -0.3003524 0.9459369 -0.2825253
v -0.2844778 0.9125813 -0.2638564
v -0.2873511 0.9307386 -0.3216237
v -0.249364 0.9577175 -0.3131259
v -0.2334763 0.921876 -0.2952804
v -0.3321322 0.9669322 -0.301164
v -0.2811472 0.9788554 -0.331715
v -0.3350113 0.9866887 -0.3584038
v -0.3714669 0.9810969 -0.3313009
v -0.3476087 1.002788 -0.3826358
v -0.3116103 0.9782618 -0.3404747
v -0.3992882 0.9728863 -0.365181
v -0.3756257 0.9899291 -0.4183283
v -0.3391474 0.9767957 -0.3717252
v 0.07655263 -0.1647774 0.1936581
v 0.06991291 -0.1533764 0.2528268
v 0.04313469 -0.1722419 0.2233345
v 0.04979986 -0.1843134 0.1643018
v 0.1253936 -0.1564503 0.2285897
v 0.09859622 -0.1748099 0.1989947
v 0.08010322 -0.1490968 0.2654701
v 0.1178221 -0.1596301 0.2191956
v 0.1394428 -0.1383657 0.2716872
v 0.101828 -0.1493336 0.3007285
v 0.1395016 -0.1591793 0.2542661
v 0.1617932 -0.1480969 0.3095407
v 0.1229449 -0.1566693 0.3416351
v 0.1606006 -0.167539 0.2953869
v 0.1828954 -0.1562712 0.3506227
v 0.1301091 -0.6199024 0.2558605
v 0.1202943 -0.6204202 0.3156802
v 0.159532 -0.621634 0.3323611
v 0.1705952 -0.622927 0.2727714
v 0.167391 -0.5897527 0.2929557
v 0.2076316 -0.5924213 0.3098215
v 0.08179826 -0.610231 0.2939428
v 0.1289526 -0.5796468 0.2712255
v 0.09054565 -0.6081687 0.233991
v 0.04225403 -0.6150217 0.2768374
v 0.08926529 -0.5842263 0.254109
v 0.05032724 -0.6119636 0.2168335
v 0.0006890893 -0.632417 0.261375
v 0.04704601 -0.6006652 0.2386183
v 0.008115947 -0.6284144 0.2013432
v -0.03677845 -0.6577316 0.2461544
v 0.009667456 -0.6261082 0.2234004
v -0.02924013 -0.6538898 0.186126
v -0.04592371 -0.6629665 0.2429327
v -0.07735759 -0.6759237 0.1927429
v -0.02266735 -0.6501273 0.1884415
v -0.06185132 -0.7056618 0.2361113
v -0.08827239 -0.7272811 0.1860159
v -0.03861624 -0.6927861 0.1816197
v -0.06305414 -0.7475219 0.2380824
v -0.08713752 -0.772386 0.1883151
v -0.03826988 -0.7367965 0.1838081
v -0.05763167 -0.02593042 -0.03894317
v -0.03257805 -0.02666746 0.01625443
v -0.02134722 -0.03827071 0.05477518
v -0.04633653 -0.03716029 -0.0004453063
v 0.001704812 -0.03668065 -0.03272942
v 0.01330721 -0.04612465 0.005659133
v -0.02755141 -0.02585424 -0.08922675
v 0.001925707 -0.03664494 -0.03736484
v -0.05774051 -0.02594805 -0.03665674
v -0.02600902 -0.05809605 -0.1263821
v 0.005381227 -0.05920614 -0.07453218
v -0.05386811 -0.04640011 -0.07382667
v -0.01912183 -0.08976668 -0.1570145
v 0.0124678 -0.08990379 -0.1052741
v -0.04700869 -0.07820597 -0.1044438
v 0.4800785 -0.9092109 0.3206623
v 0.5315146 -0.916018 0.2893097
v 0.5193936 -0.9223334 0.3295568
v 0.4678986 -0.9168617 0.3610738
v 0.4781351 -0.9171954 0.2606001
v 0.4660138 -0.9235177 0.300848
v 0.5445131 -0.9150132 0.2444979
v 0.4910953 -0.9169406 0.2159003
v 0.4931266 -0.9072332 0.2757054
v 0.5630533 -0.9218497 0.2031794
v 0.509644 -0.9236265 0.1745562
v 0.5117103 -0.913296 0.2342556
v 0.5895671 -0.9312011 0.1580314
v 0.5361408 -0.9332479 0.129458
v 0.538274 -0.9218539 0.1889612
v 0.5889645 -0.93107 0.1590514
v 0.5379008 -0.9336306 0.1264792
v 0.5916997 -0.9334716 0.09853905
v 0.6106734 -0.9455833 0.1133909
v 0.5595706 -0.9506431 0.0811744
v 0.6132165 -0.9602438 0.05462351
v 0.6275995 -0.9677452 0.07476172
v 0.5764303 -0.9740387 0.04286942
v 0.6300505 -0.9841179 0.01644424
v 0.5014824 -1.185377 0.3708092
v 0.5103236 -1.206515 0.4269342
v 0.5431393 -1.21937 0.4006433
v 0.5344558 -1.19934 0.3440888
v 0.5574849 -1.187517 0.3939208
v 0.5901791 -1.199517 0.3679608
v 0.5271671 -1.202521 0.4174878
v 0.4719312 -1.207807 0.4419021
v 0.4779859 -1.19095 0.3839868
v 0.4888417 -1.224801 0.4377031
v 0.4342595 -1.241489 0.4581306
v 0.439933 -1.217985 0.4025393
v 0.4497542 -1.252615 0.4573484
v 0.395133 -1.269047 0.4778788
v 0.4008846 -1.246055 0.4220819
v 0.4133633 -1.289319 0.4759635
v 0.3586003 -1.304771 0.4968742
v 0.36448 -1.282665 0.4407336
vn -0.6016032 -0.04414601 -0.7975743
vn -0.9158789 0.05311842 -0.397925
vn -0.9847457 0.1361499 0.1083481
vn -0.7897505 0.1827 0.5855893
vn -0.3831425 0.1802959 0.9059224
vn 0.1261284 0.1295816 0.9835143
vn 0.6016032 0.044146 0.7975742
vn 0.915879 -0.05311844 0.3979249
vn 0.9847457 -0.1361499 -0.1083481
vn 0.7897506 -0.1827 -0.5855892
vn 0.3831424 -0.1802959 -0.9059224
vn -0.1261285 -0.1295815 -0.9835142
vn 0.3782693 -0.2177888 -0.8997113
vn -0.1198654 -0.9821771 0.1447772
vn 0.7759756 -0.2692518 -0.5704082
vn 0.9670364 -0.2371373 -0.0927716
vn 0.9035529 -0.1305144 0.4081152
vn 0.5987947 0.02233652 0.800591
vn 0.1320504 0.1792728 0.974897
vn -0.36605 0.2965072 0.8820947
vn -0.7587098 0.3439052 0.5532528
vn -0.946695 0.3119614 0.08030467
vn -0.8849082 0.209557 -0.4159608
vn -0.5853785 0.06090823 -0.8084692
vn -0.1247013 -0.1179504 -0.9851586
vn 0.4994024 -0.3114967 -0.808435
vn 0.5069221 -0.269888 -0.8186517
vn 0.03422534 -0.1451728 -0.9888142
vn 0.8512179 -0.2972701 -0.4325029
vn 0.9680066 -0.2413345 0.06870887
vn 0.8267782 -0.1167807 0.5502727
vn 0.4656661 0.04229447 0.8839492
vn -0.01954325 0.192369 0.9811281
vn -0.4996558 0.2929234 0.8151932
vn -0.8452672 0.3174851 0.4297984
vn -0.9628424 0.2604451 -0.07143503
vn -0.8212116 0.1376473 -0.5537733
vn -0.4588544 -0.01860666 -0.8883167
vn 0.8115852 -0.4173491 -0.4088389
vn 0.9059699 -0.4116531 0.09879453
vn 0.7592438 -0.2957382 0.5797309
vn 0.4095332 -0.09983854 0.9068158
vn -0.05134519 0.1233748 0.991031
vn -0.498988 0.3125319 0.8082914
vn -0.8120143 0.4163969 0.4089576
vn -0.9073855 0.4085798 -0.09856123
vn -0.7606246 0.2924462 -0.5795908
vn -0.4100197 0.0985259 -0.9067395
vn 0.05166769 -0.1224813 -0.991125
vn 0.5786423 -0.1266322 -0.8056907
vn 0.8681424 -0.2838496 -0.4071339
vn 0.9240974 -0.3676774 0.1041992
vn 0.7291008 -0.3509462 0.5875788
vn 0.3402348 -0.2370279 0.909977
vn -0.13583 -0.05899974 0.9889739
vn -0.5765291 0.1329992 0.8061795
vn -0.8672007 0.2866723 0.4071633
vn -0.9264647 0.3617075 -0.104071
vn -0.734115 0.3400499 -0.5877426
vn -0.3436294 0.2296175 -0.9106013
vn 0.1407965 0.07168448 -0.98744
vn 0.5249556 0.1795492 -0.8319758
vn 0.4650493 -0.06460256 -0.8829245
vn 0.007599864 0.1049598 -0.9944475
vn 0.7986442 -0.2280269 -0.55693
vn 0.9376583 -0.3380158 -0.08088475
vn 0.8242103 -0.3574721 0.4391937
vn 0.4692399 -0.2677206 0.8415104
vn -0.006698007 -0.09895919 0.995069
vn -0.4569165 0.09020901 0.8849236
vn -0.7872873 0.2532315 0.5621856
vn -0.9300352 0.356737 0.08816659
vn -0.8216542 0.3691718 -0.434277
vn -0.4681664 0.2789884 -0.8384425
vn 0.8821386 0.07110617 -0.4655917
vn 0.9979836 -0.05813561 0.02547774
vn 0.8459234 -0.1710677 0.5051234
vn 0.4717586 -0.2379505 0.8490133
vn -0.02833241 -0.2426096 0.9697102
vn -0.5257626 -0.1840832 0.830474
vn -0.8829525 -0.07774007 0.4629812
vn -0.9984425 0.04736044 -0.02948646
vn -0.8461848 0.1581541 -0.5088796
vn -0.4725617 0.2271124 -0.8515313
vn 0.02888626 0.2462464 -0.9687768
vn 0.4336483 0.3704919 -0.8213921
vn 0.4313969 0.2045928 -0.8786572
vn -0.07143398 0.2375311 -0.9687499
vn 0.8216817 0.1073993 -0.5597362
vn 0.9959126 -0.01943898 -0.08820707
vn 0.9004666 -0.1407385 0.4115246
vn 0.5593352 -0.2209253 0.7989595
vn 0.07145943 -0.2384183 0.9685299
vn -0.4306839 -0.1917439 0.8818989
vn -0.8204311 -0.09484763 0.5638235
vn -0.9953787 0.02826323 0.09177408
vn -0.9006003 0.1460979 -0.4093588
vn -0.5597123 0.2264783 -0.7971385
vn 0.8142043 0.3648251 -0.4516349
vn 0.96454 0.2622802 0.02952407
vn 0.8644962 0.09857769 0.492878
vn 0.5446191 -0.08570123 0.8342934
vn 0.07171217 -0.2482221 0.9660451
vn -0.434196 -0.344131 0.832495
vn -0.8175198 -0.3425628 0.4629386
vn -0.968764 -0.2469242 -0.02290585
vn -0.8676522 -0.08669016 -0.4895554
vn -0.546815 0.1009965 -0.8311396
vn -0.07288741 0.2980793 -0.9517543
vn 0.1173062 0.2664995 -0.9566699
vn 0.09097031 0.3214011 -0.9425634
vn -0.3922651 0.1460703 -0.9081804
vn 0.5560401 0.3875783 -0.7352568
vn 0.873827 0.3539915 -0.3333413
vn 0.9595236 0.2299085 0.1626549
vn 0.7823492 0.04868209 0.6209345
vn 0.3890133 -0.1385625 0.9107519
vn -0.1054778 -0.2811029 0.9538635
vn -0.5672647 -0.3457084 0.7474601
vn -0.882287 -0.3182527 0.3468211
vn -0.9679727 -0.2015842 -0.1496417
vn -0.7930718 -0.02172005 -0.6087408
vn 0.5547925 0.3919315 -0.7338904
vn 0.8554051 0.4177668 -0.3061912
vn 0.9212908 0.3288091 0.2076244
vn 0.733858 0.1519603 0.662088
vn 0.3633263 -0.05019914 0.9303086
vn -0.1308584 -0.2433381 0.9610737
vn -0.5655411 -0.3524718 0.7456051
vn -0.8718742 -0.3712516 0.3193866
vn -0.9385646 -0.2884902 -0.1893937
vn -0.747955 -0.1244229 -0.6519835
vn -0.362485 0.07926937 -0.9286125
vn 0.1421779 0.2463912 -0.9586849
vn -0.3945352 0.0613705 -0.9168292
vn 0.5800077 0.3945883 -0.7126648
vn 0.9246578 0.3425035 0.1664317
vn 0.7662073 0.179071 0.6171386
vn -0.5999739 -0.3621029 0.7133814
vn -0.9436615 -0.2956161 -0.1487084
vn -0.7881857 -0.1451492 -0.598076
vn 0.540538 0.4473535 -0.7125262
vn 0.7969447 0.5348341 -0.28077
vn 0.8429926 0.4849765 0.2327258
vn 0.6561776 0.3040972 0.6906199
vn 0.2864688 0.04056565 0.9572304
vn -0.1554105 -0.2289633 0.9609493
vn -0.5506456 -0.4331133 0.7135841
vn -0.8048024 -0.5224189 0.2817301
vn -0.8514016 -0.4709801 -0.2308527
vn -0.6779507 -0.2940781 -0.6737218
vn -0.3002844 -0.02156633 -0.9536059
vn 0.2252399 0.09898942 -0.9692616
vn -0.6558498 -0.278679 -0.7015691
vn 0.5822914 0.3702008 -0.7238011
vn 0.7869776 0.5469596 -0.2854846
vn 0.7798193 0.580175 0.2351147
vn 0.5570496 0.4570405 0.6934044
vn 0.1833358 0.2129695 0.9597042
vn -0.2353539 -0.08319195 0.9683427
vn -0.5914748 -0.355367 0.7237899
vn -0.7953117 -0.534472 0.2860402
vn -0.7881254 -0.5689901 -0.2347525
vn -0.5663639 -0.444907 -0.6937506
vn -0.1936049 -0.1985677 -0.9607747
vn 0.2675915 0.03771792 -0.9627939
vn 0.6309168 0.2687012 -0.727835
vn 0.8423134 0.4423852 -0.3079016
vn 0.8345293 0.5059917 0.2180209
vn 0.5800065 0.4237094 0.6957462
vn 0.160717 0.224613 0.961103
vn -0.282624 -0.01639699 0.9590907
vn -0.6458891 -0.2380086 0.7253822
vn -0.8612154 -0.4007955 0.3125238
vn -0.8609649 -0.464452 -0.207422
vn -0.6078901 -0.3930839 -0.6898947
vn -0.1750292 -0.209514 -0.9620128
vn 0.4636482 -0.1961341 -0.8640381
vn 0.4137381 0.1068522 -0.9041037
vn -0.05571851 -0.1422972 -0.9882545
vn 0.7466878 0.3308066 -0.5770826
vn 0.8764966 0.4660875 -0.1204829
vn 0.793681 0.4875715 0.3637921
vn 0.5027163 0.3805176 0.7761976
vn 0.05330495 0.1576632 0.9860532
vn -0.413285 -0.1087723 0.9040819
vn -0.7476564 -0.3284918 0.5771509
vn -0.8830479 -0.453957 0.1189513
vn -0.8024033 -0.4686681 -0.369458
vn -0.5071796 -0.3636736 -0.7813517
vn 0.8115216 0.130318 -0.5696052
vn 0.9056405 0.4086747 -0.1131386
vn 0.7537086 0.5632488 0.3386357
vn 0.430701 0.5849489 0.6872637
vn -0.001475869 0.475988 0.8794506
vn -0.4670036 0.2358336 0.8522266
vn -0.8199832 -0.09045292 0.5651953
vn -0.9169304 -0.3836276 0.1098572
vn -0.7617618 -0.5492148 -0.3436305
vn -0.4370749 -0.5703836 -0.6954337
vn -0.001139997 -0.4620195 -0.886869
vn 0.6598207 -0.08871332 -0.7461681
vn 0.6511064 -0.06606212 -0.7561061
vn 0.2475103 -0.3372375 -0.9083004
vn 0.8784526 0.2253376 -0.4213598
vn 0.887889 0.4593488 0.02553034
vn 0.6590003 0.5768836 0.4826219
vn 0.2360476 0.5348862 0.8112819
vn -0.2494754 0.3457269 0.9045634
vn -0.6534336 0.07201658 0.7535504
vn -0.8831804 -0.2163581 0.4161508
vn -0.8895382 -0.4559924 -0.02815689
vn -0.6572649 -0.5826644 -0.478022
vn -0.2341886 -0.5455005 -0.8047267
vn 0.9148031 0.1486225 -0.375562
vn 0.9276856 0.3596524 0.1002484
vn 0.681297 0.4807509 0.5520082
vn 0.2457901 0.4740767 0.8454813
vn -0.2498504 0.3473353 0.9038434
vn -0.6778299 0.1396228 0.7218394
vn -0.9339636 -0.09772475 0.3437468
vn -0.942305 -0.3045247 -0.1390183
vn -0.689789 -0.420844 -0.5891363
vn -0.2539288 -0.4140832 -0.8741026
vn 0.2374101 -0.2946851 -0.9256334
vn 0.7624675 -0.09244001 -0.640389
vn 0.7531475 -0.02980096 -0.6571764
vn 0.3323052 -0.2557653 -0.9078313
vn 0.9522111 0.2216221 -0.2101848
vn 0.871209 0.4075682 0.273648
vn 0.5753503 0.4862906 0.6576425
vn 0.1494613 0.4536128 0.8785765
vn -0.3325723 0.3116565 0.8900932
vn -0.7549899 0.07986372 0.6508548
vn -0.9629356 -0.1725612 0.2073106
vn -0.8897483 -0.3582522 -0.2828485
vn -0.5927563 -0.4361179 -0.677083
vn -0.1575482 -0.4023926 -0.9018086
vn 0.978754 0.09308911 -0.1826885
vn 0.9172462 0.2492606 0.3106906
vn 0.6233257 0.337357 0.705447
vn 0.1777744 0.3430179 0.922353
vn -0.3272981 0.2626542 0.9076832
vn -0.7616494 0.1086523 0.6388151
vn -0.9804068 -0.07549315 0.1819431
vn -0.9210597 -0.2313348 -0.3132624
vn -0.6265296 -0.3203645 -0.710512
vn -0.1784845 -0.3272479 -0.927929
vn 0.3285036 -0.2473087 -0.9115503
vn 0.1357235 0.9903977 -0.02629972
vn 0.4561938 -0.5015336 -0.735086
vn 0.1580894 -0.1539102 -0.975356
vn -0.1734052 0.2424682 -0.9545365
vn -0.4494663 0.5813922 -0.6782058
vn -0.5961236 0.7720476 -0.2204067
vn -0.5740803 0.7633483 0.2961943
vn -0.3892429 0.5576253 0.7331739
vn -0.09113872 0.2100021 0.9734439
vn 0.2403559 -0.1863763 0.9526243
vn 0.516417 -0.5253004 0.6762936
vn 0.6630743 -0.7159558 0.2184945
vn 0.641031 -0.7072564 -0.2981066
vn -0.7663479 -0.6420529 0.02188842
vn 0.8601305 0.4530077 0.2344345
vn 0.6978333 0.6887543 -0.1965867
vn 0.3446369 0.7455848 -0.5703762
vn -0.1048201 0.6082715 -0.7867773
vn -0.5301061 0.3136076 -0.7878058
vn -0.8172659 -0.05945224 -0.5731859
vn -0.8893552 -0.4109467 -0.2004247
vn -0.7270581 -0.6466932 0.2305963
vn -0.3738616 -0.7035237 0.6043857
vn 0.07559546 -0.5662104 0.8207869
vn 0.5008812 -0.2715466 0.8218154
vn 0.7880412 0.1015134 0.6071954
vn 0.4753484 -0.6841351 -0.5531755
vn -0.4782585 0.5717068 0.6666485
vn -0.2886409 0.9031264 0.3178823
vn -0.03179467 0.9920118 -0.1220733
vn 0.2234585 0.8145461 -0.5353325
vn 0.4087239 0.4182813 -0.8111631
vn 0.4743597 -0.09060398 -0.8756563
vn 0.4027787 -0.5757542 -0.7115311
vn 0.2131612 -0.9071736 -0.3627651
vn -0.04368507 -0.9960589 0.07719044
vn -0.2989384 -0.8185933 0.4904498
vn -0.4842037 -0.4223285 0.7662803
vn -0.5498394 0.08655697 0.8307734
vn 0.85861 0.04603847 0.5105578
vn -0.7551153 -0.3265517 -0.568476
vn -0.8217403 0.1352514 -0.5535792
vn -0.6581551 0.6441327 -0.3897754
vn -0.2327196 0.9691646 -0.08100498
vn 0.2398219 0.9462824 0.2168757
vn 0.5879077 0.6995146 0.4062561
vn 0.802528 0.3365375 0.4926372
vn 0.8729338 -0.1244692 0.4716927
vn 0.7142074 -0.632327 0.3001173
vn 0.2887717 -0.957359 -0.00865316
vn -0.1886283 -0.9355002 -0.2987623
vn -0.5404951 -0.6895285 -0.4820949
vn -0.5268325 -0.1109611 0.8426952
vn -0.6169584 0.7307281 -0.2922307
vn -0.1317542 0.7688978 -0.6256494
vn 0.1107221 0.687753 -0.7174515
vn 0.2893583 0.5819567 -0.7599987
vn 0.4907941 0.4001974 -0.7739271
vn 0.7757765 -0.09411054 -0.6239504
vn 0.5279862 -0.831975 0.1704357
vn 0.07742713 -0.8307199 0.5512799
vn -0.1533115 -0.7362181 0.6591498
vn -0.3319477 -0.6304219 0.7016971
vn -0.5451212 -0.4620196 0.6995576
vn -0.8647484 -0.007136018 0.5021548
vn 0.4897659 0.5573358 0.6704522
vn 0.9861091 0.1646357 0.02200116
vn 0.793017 0.548205 -0.265698
vn 0.386568 0.7931958 -0.4705374
vn -0.1243302 0.8339636 -0.5376307
vn -0.6027831 0.6595844 -0.4490001
vn -0.9205893 0.3167829 -0.2283943
vn -0.9925931 -0.1025874 0.0650758
vn -0.7995009 -0.4861565 0.3527749
vn -0.3930521 -0.7311473 0.5576142
vn 0.1178462 -0.771915 0.6247075
vn 0.5962989 -0.5975359 0.536077
vn 0.9141054 -0.2547342 0.315471
vn 0.06053143 -0.5792496 -0.8128997
vn 0.2198413 0.1913814 -0.9565788
vn -0.04336053 0.5460431 -0.8366342
vn -0.3272719 0.8334555 -0.4452473
vn -0.4965279 0.8525209 0.163304
vn -0.4598914 0.592962 0.660981
vn -0.3020569 0.2501692 0.9198788
vn -0.08301943 -0.09807866 0.9917098
vn 0.1925285 -0.444321 0.8749352
vn 0.4928721 -0.7205274 0.4877676
vn 0.6621283 -0.7395929 -0.1207837
vn 0.6090593 -0.49124 -0.6226798
vn 0.4388785 -0.1568661 -0.8847479
vn -0.8081989 -0.5511363 -0.2075172
vn -0.5163651 -0.6992927 -0.4943247
vn -0.7749266 -0.2591577 -0.5764773
vn -0.819151 0.2523101 -0.5151033
vn -0.6371883 0.6980632 -0.3266479
vn -0.2777954 0.9586627 -0.06160746
vn 0.1627289 0.9642811 0.2090007
vn 0.5663463 0.7134128 0.4126672
vn 0.8249077 0.2732778 0.4948198
vn 0.8691319 -0.2381898 0.4334458
vn 0.6871694 -0.6839431 0.2449903
vn 0.3277765 -0.9445426 -0.02005006
vn -0.112748 -0.9501609 -0.2906583
vn -0.5164652 -0.1459072 0.8437859
vn -0.3373209 0.9409438 -0.02897293
vn -0.3537414 0.7777656 -0.5195649
vn -0.2848277 0.4032335 -0.8696414
vn -0.1490451 -0.08229728 -0.9853998
vn 0.01722347 -0.5487289 -0.8358229
vn 0.1694266 -0.8710818 -0.4609895
vn 0.2667815 -0.9629812 0.03866417
vn 0.283202 -0.799803 0.529256
vn 0.2142883 -0.4252709 0.8793322
vn 0.07850572 0.06025994 0.9950908
vn -0.0877628 0.5266915 0.8455139
vn -0.239966 0.8490444 0.4706803
vn 0.9464012 0.2956678 -0.13002
vn -0.1826521 -0.9447033 0.2723489
vn -0.6426119 -0.7087682 0.2910287
vn -0.9321842 -0.2856825 0.2223021
vn -0.9737787 0.2111885 0.08458438
vn -0.7562502 0.6487086 -0.08522307
vn -0.3378851 0.9096446 -0.2416205
vn 0.169216 0.9240789 -0.3427014
vn 0.6291756 0.6881438 -0.3613811
vn 0.9187478 0.2650582 -0.2926545
vn 0.9603423 -0.231813 -0.1549368
vn 0.7428138 -0.6693328 0.01487062
vn 0.3244486 -0.9302691 0.1712682
vn 0.180271 0.2767098 0.943893
vn -0.5357348 -0.8443313 -0.009638638
vn -0.04344098 -0.9977726 -0.0506237
vn 0.4610385 -0.8847621 -0.06811418
vn 0.8425293 -0.5355809 -0.05742349
vn 0.9988111 -0.04379179 -0.02141622
vn 0.8880082 0.4588309 0.03025954
vn 0.5398101 0.8376096 0.08375729
vn 0.04751639 0.9910508 0.1247423
vn -0.456963 0.8780403 0.1422328
vn -0.8384538 0.528859 0.1315421
vn -0.9947356 0.03707001 0.09553485
vn -0.8839327 -0.4655529 0.04385908
vn -0.05467974 0.09018499 -0.9944229
vn -0.1375266 0.8469066 0.5136493
vn -0.03907392 0.998525 0.03770002
vn 0.02257979 0.8897757 -0.4558393
vn 0.03091441 0.5497987 -0.834725
vn -0.01630327 0.06969005 -0.9974355
vn -0.1064213 -0.4219054 -0.9003724
vn -0.2152926 -0.793265 -0.5695435
vn -0.3137453 -0.944883 -0.09359445
vn -0.3753989 -0.836134 0.3999447
vn -0.3837335 -0.4961569 0.7788306
vn -0.3365159 -0.0160484 0.941541
vn -0.2463979 0.4755473 0.8444779
vn 0.9767315 -0.1484998 0.1547362
vn 0.4782202 -0.06817792 -0.8755897
vn 0.1803936 0.3385175 -0.9235064
vn -0.1218416 0.687644 -0.7157516
vn -0.347502 0.8856539 -0.3079929
vn -0.436122 0.8794903 0.190511
vn -0.3639559 0.6708049 0.6461866
vn -0.1503404 0.3155145 0.9369357
vn 0.147486 -0.09118064 0.9848523
vn 0.4497212 -0.4403072 0.7770975
vn 0.6753816 -0.638317 0.3693387
vn 0.7640015 -0.6321536 -0.1291651
vn 0.6918354 -0.4234679 -0.5848408
vn -0.7895697 -0.5956141 -0.1477275
vn 0.7163435 0.1149189 -0.6882192
vn 0.3391091 0.4332834 -0.8350273
vn -0.1165023 0.6560882 -0.7456377
vn -0.52841 0.7236332 -0.4440022
vn -0.7862437 0.6178197 -0.01094388
vn -0.8209171 0.3670002 0.4374998
vn -0.6231393 0.03838163 0.7811685
vn -0.2459049 -0.2799827 0.9279765
vn 0.2097063 -0.5027875 0.838587
vn 0.6216141 -0.5703324 0.5369514
vn 0.8794478 -0.464519 0.1038932
vn 0.9141212 -0.2136993 -0.3445507
vn -0.4612726 -0.7586945 -0.4600113
vn -0.09720667 0.9459502 0.3094016
vn 0.05225644 0.9816406 -0.1834423
vn 0.1689333 0.755724 -0.6327264
vn 0.2215605 0.3287347 -0.9180655
vn 0.1960367 -0.1849162 -0.9630035
vn 0.09920081 -0.6475962 -0.7554988
vn -0.04299999 -0.9353305 -0.3511522
vn -0.192463 -0.9710209 0.1416914
vn -0.3091399 -0.7451044 0.5909755
vn -0.3617671 -0.318115 0.8763146
vn -0.3362433 0.1955358 0.9212526
vn -0.2394073 0.658216 0.7137477
vn 0.9558942 -0.07240229 0.2846476
vn -0.2402538 -0.573539 -0.7831546
vn -0.5114569 -0.1408835 -0.8476813
vn -0.6253917 0.3395936 -0.7025393
vn -0.5515294 0.7391488 -0.3866193
vn -0.3096613 0.9507218 0.01542837
vn 0.03540425 0.9176216 0.3958753
vn 0.3912071 0.6487172 0.652781
vn 0.6624101 0.2160619 0.7173076
vn 0.7763448 -0.2644151 0.5721655
vn 0.7024825 -0.6639704 0.2562455
vn 0.4606144 -0.8755433 -0.1458021
vn 0.1155488 -0.842443 -0.5262492
vn -0.7081777 -0.3526902 0.6116322
vn 0.3817437 -0.6942688 -0.6101333
vn 0.1887315 -0.3868957 -0.902603
vn 0.05024676 0.04792635 -0.9975863
vn 0.003396306 0.4936876 -0.8696327
vn 0.06073365 0.8309466 -0.5530273
vn 0.2068954 0.9693351 -0.132604
vn 0.4027175 0.8717718 0.2789851
vn 0.5957296 0.5643988 0.5714545
vn 0.7342142 0.1295766 0.6664378
vn 0.7810647 -0.3161847 0.5384842
vn 0.7237275 -0.6534436 0.2218787
vn 0.5775657 -0.791832 -0.1985448
vn -0.9018904 -0.2040741 0.3807196
vn -0.2944066 0.9028625 -0.3133113
vn -0.5087551 0.5730225 -0.6425057
vn -0.6176783 0.09132449 -0.7811103
vn -0.5919906 -0.413161 -0.6919864
vn -0.4385747 -0.8052575 -0.3990145
vn -0.1985384 -0.979903 0.01930374
vn 0.0638008 -0.8903013 0.4508803
vn 0.2781492 -0.5604613 0.7800745
vn 0.3870724 -0.0787634 0.9186791
vn 0.3613847 0.4257222 0.8295552
vn 0.2079688 0.8178186 0.5365833
vn -0.03206762 0.9924642 0.1182649
vn 0.8578579 -0.04672765 -0.511758
vn -0.9805471 -0.1906485 -0.04669683
vn -0.937752 0.3103807 -0.1558371
vn -0.6443723 0.722092 -0.2517291
vn -0.1790192 0.9341679 -0.3086787
vn 0.3336167 0.8897828 -0.3114263
vn 0.7561749 0.6008297 -0.2592358
vn 0.9754312 0.1447331 -0.1660914
vn 0.932636 -0.3562959 -0.05695117
vn 0.6392564 -0.7680071 0.03894081
vn 0.1739032 -0.980083 0.09589045
vn -0.3387326 -0.9356981 0.09863812
vn -0.761291 -0.6467447 0.04644748
vn 0.02349494 0.210866 0.9772326
vn -0.281304 0.6182442 0.7339225
vn -0.2822278 0.9073842 0.3114507
vn -0.246769 0.9487173 -0.1975868
vn -0.1844285 0.7311689 -0.6567941
vn -0.1119106 0.3130305 -0.9431267
vn -0.04864619 -0.193658 -0.9798623
vn -0.01158711 -0.6531298 -0.7571573
vn -0.01066324 -0.9422695 -0.3346857
vn -0.04612209 -0.9836028 0.1743517
vn -0.1084626 -0.7660541 0.6335589
vn -0.1809805 -0.3479159 0.9198917
vn -0.2442449 0.1587728 0.9566272
vn 0.9899147 0.1179061 0.07852995
vn -0.5976742 -0.4479783 -0.6649069
vn 0.6618159 -0.5765054 0.4792089
vn 0.04551733 0.9682795 0.2456887
vn -0.331916 0.2414313 0.9118897
vn 0.3145479 -0.30338 -0.8994555
vn -0.6628739 -0.5525734 -0.5052335
vn -0.08404321 0.1010342 0.9913268
vn 0.7750098 0.4550928 -0.4384635
vn -0.2944045 0.955654 0.007176708
vn 0.1995408 -0.9794225 0.0302496
vn -0.07306211 0.03586486 0.9966823
vn -0.4684781 -0.7510336 -0.4652707
vn 0.5705259 0.7265946 -0.3828322
vn -0.3726783 0.9273009 0.03498694
vn -0.06122122 -0.01064222 0.9980676
vn -0.1315557 -0.9209861 -0.3667123
vn 0.2254375 0.9368224 -0.2674731
vn -0.4657181 0.8836058 0.04845112
vn 0.1190611 -0.339923 0.9328862
vn 0.3319895 -0.930811 -0.1528854
vn -0.3123294 0.948925 -0.0446301
vn -0.4994586 0.8650222 0.04772638
vn -0.7861391 0.5241101 -0.3275577
vn 0.106173 0.1748758 0.9788493
vn 0.6459563 -0.6332497 -0.4263043
vn -0.06574969 0.9978108 -0.0071206
vn 0.1093551 -0.9930964 0.04243796
vn 0.1259806 -0.110819 0.9858236
vn -0.5280655 0.8223826 -0.2117397
vn 0.468364 -0.8233535 -0.3205062
vn -0.02527438 0.9996796 -0.001408263
vn 0.1197499 -0.3265804 0.9375528
vn -0.2335751 0.9680218 -0.09152257
vn 0.2078509 -0.9669844 -0.1474422
vn -0.00413258 0.99998 0.004794028
vn 0.05010964 -0.9263667 0.3732746
vn -0.08829946 0.995612 -0.030985
vn 0.09789804 -0.9923357 -0.0754039
vn 0.1769784 -0.9841501 0.01128794
vn -0.2823599 -0.2303881 0.9312327
vn 0.550261 0.822357 -0.144713
vn -0.3307653 -0.8518037 -0.4062325
vn -0.04737969 -0.9986374 0.02187367
vn -0.8775745 -0.466541 -0.1104646
vn 0.3445134 0.5569286 0.7557387
vn 0.3896368 -0.2714167 -0.880066
vn -0.02047693 0.9440026 0.3293023
vn -0.01057032 -0.9540821 -0.2993588
vn 0.1732814 0.7858939 0.5935861
vn -0.4075795 -0.8690071 -0.2805454
vn 0.4184495 -0.1601499 -0.894009
vn -0.02479015 0.9446022 0.3272801
vn 0.0245788 0.9167162 0.3987822
vn -0.09377908 -0.9425579 -0.3206091
vn 0.1903969 -0.7691743 -0.6100163
vn -0.1082522 -0.8966951 -0.4292077
vn -0.469264 0.8760121 0.111329
vn 0.02535603 -0.9917323 0.1257939
vn 0.7711247 -0.0161427 -0.6364794
vn 0.03023874 -0.9556396 -0.2929822
vn -0.3957966 0.8912179 -0.2215304
vn 0.1434696 -0.890812 0.4311271
vn 0.4217336 0.5386707 -0.7293659
vn -0.02967515 0.9808808 -0.1923338
vn 0.04468656 -0.9777451 0.2049823
vn 0.06565014 -0.9600431 0.2720429
vn -0.1535387 0.9669507 -0.203549
vn 0.1509504 0.8930228 -0.423939
vn 0.1354499 -0.9364592 0.3235701
vn -0.1491418 -0.9842379 0.09503958
vn -0.1234036 0.9705862 0.2067218
vn 0.8142428 0.3739583 -0.4440315
vn -0.009207139 -0.979723 0.2001455
vn -0.2981769 -0.9540671 -0.02909619
vn -0.04413584 0.9772196 0.207591
vn 0.8823203 0.2404283 -0.4046048
vn -0.02491116 -0.9775001 0.2094591
vn -0.05199224 -0.9986441 -0.002607947
vn -0.2105666 0.7801027 0.5891532
vn 0.3624192 0.5097421 -0.7802661
vn -0.5727181 0.8151322 -0.08691121
vn 0.5561159 -0.8222366 0.1210875
vn -0.1701731 0.7424998 0.6478698
vn -0.2397507 -0.9690984 -0.05803307
vn 0.5287815 0.3158801 -0.7877879
vn -0.5613982 0.8258144 -0.05350469
vn -0.3046103 0.8226976 0.4799806
vn 0.1179504 -0.9926834 -0.02583366
vn 0.2490967 0.630807 -0.7348696
vn -0.5587631 0.8286727 -0.03294574
vn -0.4437967 0.8557934 0.2658236
vn 0.3764506 -0.9264181 -0.005882674
vn -0.1634105 0.8655051 -0.4734955
vn -0.5702899 0.8212917 -0.01579439
vn -0.5624793 0.8267999 0.004369907
vn 0.5573155 -0.8301612 0.01522719
vn -0.5487822 0.8345484 -0.04865374
vn -0.5689874 0.8221306 -0.01883623
vn -0.5224531 0.8456869 0.1088878
vn 0.4950274 -0.8688527 0.006556149
vn -0.4306776 0.8788101 -0.2054502
vn 0.4243186 -0.9049428 -0.03212785
vn -0.8774503 0.1867801 0.4418077
vn 0.8812971 -0.3750796 0.2874555
vn -0.1920103 0.1935163 -0.9621245
vn 0.5728217 -0.8180954 0.05094404
vn -0.8963133 0.02244414 0.4428528
vn 0.9139124 0.01054064 0.4057745
vn -0.05375901 -0.05111125 -0.997245
vn 0.5917277 -0.7982543 0.1124659
vn -0.8046744 0.4623835 0.3724255
vn 0.4116333 0.9027581 0.124844
vn -0.1374128 -0.9660381 -0.2188336
vn 0.1850058 0.9801777 -0.07088416
vn -0.1534062 -0.9869188 0.04957629
vn 0.3092144 0.9507363 0.02206502
vn 0.01125055 0.9999028 0.008245004
vn -0.1766264 -0.9841478 -0.01600525
vn -0.1767095 -0.9788353 -0.1032247
vn 0.7375894 0.5662189 -0.3679105
vn -0.6981732 0.559062 -0.4472181
vn -0.1643865 -0.8607111 0.4818232
vn -0.2088756 -0.9722198 0.1056396
vn 0.7038912 0.5720558 -0.4210576
vn -0.8119374 0.3046423 -0.4979466
vn -0.1374589 -0.7093428 0.6913306
vn -0.1902083 -0.9751555 0.1135458
vn 0.2581178 0.9358763 0.239814
vn 0.09057565 -0.9876577 -0.1277823
vn -0.661304 0.7468582 -0.06985592
vn 0.04980492 0.9898371 -0.1331989
vn -0.03762698 -0.9931152 0.1109344
vn 0.0316762 -0.9994863 -0.0048801
vn 0.1923685 0.9773431 0.08828767
vn -0.4677372 0.8765034 -0.1138583
vn 0.05100787 0.9855211 -0.1616985
vn -0.04221407 -0.9888477 0.1428225
vn 0.08767292 0.9895019 -0.1148888
vn -0.02796647 0.9860024 -0.1643688
vn 0.05958016 0.9832572 -0.1722079
vn -0.05742051 -0.9832495 0.1729838
vn 0.08366365 0.9857267 -0.1460932
vn 0.02980983 0.9831721 -0.180233
vn 0.06402695 0.9797139 -0.1898979
vn -0.02288982 -0.993222 0.1139568
vn 0.16054 0.9865139 -0.03189436
vn -0.09832428 0.9780421 -0.1837552
vn 0.02410627 -0.9988792 0.04073377
vn -0.1063622 -0.9541062 0.2799438
vn 0.5847166 0.80629 -0.08945866
vn -0.1804524 0.8456317 -0.5023385
vn -0.05497448 -0.9693534 0.239441
vn -0.1793393 -0.8790224 0.441766
vn 0.6345744 0.7533415 -0.1726039
vn -0.1272496 0.8176912 -0.5614167
vn -0.04874539 -0.962163 0.2680792
vn -0.5160833 -0.8272743 -0.2219803
vn 0.5967388 -0.1007401 0.7960868
vn 0.1415771 0.9464989 -0.2899927
vn -0.1157664 0.9233846 0.3660041
vn 0.1470883 -0.9250517 -0.3502062
vn 0.2668355 0.619898 0.7379196
vn 0.0222595 -0.9344375 -0.3554308
vn -0.07534559 0.9595118 0.2714041
vn -0.03311583 -0.9586941 -0.282505
vn 0.3539374 0.1231187 0.92713
vn 0.2363415 -0.7998011 -0.5517799
vn -0.5416854 0.8081098 0.2313775
vn 0.1406405 -0.9169739 -0.3733351
vn 0.2566888 0.2927191 0.9211007
vn 0.2871734 -0.7857149 -0.5478902
vn -0.4452735 0.8416169 0.3056346
vn 0.1397712 -0.9204965 -0.3648976
vn 0.301344 0.1825749 0.935873
vn 0.3640948 -0.6832498 -0.6329335
vn -0.6196641 0.7482117 0.2370565
vn 0.1273271 -0.9273645 -0.3518281
vt 0.3629011 -0.1924438
vt 0.3601538 -0.1962063
vt 0.3746909 -0.2068209
vt 0.3774382 -0.2030584
vt 0.3074883 -0.2692425
vt 0.3040774 -0.2724159
vt 0.3163385 -0.2855941
vt 0.3197493 -0.2824207
vt 0.109517 -0.3918043
vt 0.1049889 -0.3928998
vt 0.109222 -0.4103951
vt 0.1137501 -0.4092994
vt -0.199625 -0.3545648
vt -0.2037729 -0.3524438
vt -0.2119676 -0.3684704
vt -0.2078196 -0.3705913
vt -0.3320155 -0.2383806
vt -0.3351066 -0.2348951
vt -0.3485736 -0.2468383
vt -0.3454825 -0.2503238
vt -0.3658267 -0.1859425
vt -0.3684819 -0.1821144
vt -0.3832722 -0.1923733
vt -0.3806171 -0.1962013
vt -0.3601537 -0.1962063
vt -0.362901 -0.1924438
vt -0.3774382 -0.2030584
vt -0.3746909 -0.2068209
vt -0.3040774 -0.2724159
vt -0.3074882 -0.2692425
vt -0.3197492 -0.2824208
vt -0.3163384 -0.2855942
vt -0.1049889 -0.3928998
vt -0.109517 -0.3918042
vt -0.1137501 -0.4092994
vt -0.109222 -0.410395
vt 0.2037729 -0.3524439
vt 0.1996249 -0.3545648
vt 0.2078195 -0.3705913
vt 0.2119675 -0.3684704
vt 0.3351067 -0.2348951
vt 0.3320155 -0.2383806
vt 0.3454825 -0.2503238
vt 0.3485736 -0.2468383
vt 0.3684819 -0.1821144
vt 0.3658267 -0.1859424
vt 0.3806171 -0.1962013
vt 0.3832722 -0.1923733
vt 0.3263225 -0.2425641
vt 0.3294727 -0.2391318
vt 0.3108056 -0.2157042
vt -0.01116199 0.05836432
vt -0.009532521 0.05399984
vt -0.005939115 0.05103483
vt -0.001344627 0.05026375
vt 0.003019855 0.05189322
vt 0.005984875 0.05548662
vt 0.006755951 0.06008111
vt 0.005126479 0.0644456
vt 0.001533074 0.06741061
vt -0.003061415 0.06818169
vt -0.007425898 0.06655222
vt -0.01039092 0.06295881
vt 0.1809031 -0.3562225
vt 0.1851396 -0.3542844
vt 0.1755883 -0.3264123
vt -0.09624578 -0.3859098
vt -0.09168789 -0.3868738
vt -0.08493008 -0.3582917
vt -0.2926632 -0.2774611
vt -0.2891254 -0.2804922
vt -0.2709229 -0.257021
vt -0.3613136 -0.1939326
vt -0.3585466 -0.1976805
vt -0.3360083 -0.1773249
vt -0.3669772 -0.1836057
vt -0.3643025 -0.18742
vt -0.3409407 -0.166752
vt -0.3183918 -0.2465388
vt -0.3151324 -0.2498675
vt -0.2943719 -0.2255848
vt -0.1718248 -0.3540141
vt -0.1675312 -0.355822
vt -0.15595 -0.3255254
vt 0.08405022 -0.381865
vt 0.08862339 -0.3809761
vt 0.08364381 -0.348835
vt 0.2755567 -0.2863126
vt 0.2792 -0.2834091
vt 0.2619857 -0.2562039
vt 0.3528859 -0.2023346
vt 0.3557185 -0.1986359
vt 0.3340571 -0.1757229
vt 0.3662598 -0.1855622
vt 0.3689097 -0.1817305
vt 0.3442193 -0.1630136
vt 0.2677696 -0.2524058
vt 0.2713324 -0.2501954
vt 0.2554296 -0.2142929
vt 0.2515959 -0.2159908
vt 0.2788515 -0.2481178
vt 0.2753311 -0.2503952
vt 0.2918723 -0.2762725
vt 0.3628237 -0.1921868
vt 0.3415425 -0.1700428
vt 0.3385293 -0.1729585
vt 0.10101 -0.3513303
vt 0.09686758 -0.3519786
vt 0.1012638 -0.3816094
vt -0.1542448 -0.331724
vt -0.1581379 -0.3301671
vt -0.169645 -0.3572904
vt -0.296653 -0.2271539
vt -0.299853 -0.2244446
vt -0.3197467 -0.2460513
vt -0.3420632 -0.166578
vt -0.3449718 -0.1635581
vt -0.3676727 -0.1827125
vt -0.3361687 -0.175152
vt -0.3392078 -0.1722634
vt -0.3619572 -0.1923828
vt -0.2720739 -0.2511919
vt -0.2756143 -0.2489457
vt -0.2948132 -0.2735291
vt -0.09526801 -0.3496784
vt -0.09941263 -0.3490442
vt -0.1072165 -0.3800239
vt 0.1547689 -0.3286721
vt 0.1508649 -0.3302013
vt 0.1602636 -0.3612443
vt 0.2965209 -0.2248321
vt 0.2933001 -0.2275167
vt 0.3126924 -0.2536277
vt 0.3435656 -0.1634526
vt 0.3406494 -0.1664653
vt 0.3630504 -0.1895878
vt 0.08601525 -0.336138
vt 0.09017071 -0.3355796
vt 0.08890506 -0.2969302
vt 0.0847124 -0.2968928
vt -0.133997 -0.3111851
vt -0.1300327 -0.3125503
vt -0.1162824 -0.2768947
vt -0.1200753 -0.2751078
vt -0.274733 -0.2208982
vt -0.2713934 -0.223433
vt -0.2495431 -0.1923147
vt -0.2527632 -0.1896296
vt -0.3376247 -0.1600414
vt -0.3346862 -0.1630319
vt -0.3102587 -0.1337318
vt -0.3132843 -0.1308295
vt -0.3421227 -0.1691146
vt -0.3391187 -0.1720394
vt -0.3161245 -0.1410948
vt -0.319398 -0.138475
vt -0.2716247 -0.2506794
vt -0.2680613 -0.2528887
vt -0.2519172 -0.2172428
vt -0.2557514 -0.2155462
vt -0.09048776 -0.337312
vt -0.08633231 -0.3378706
vt -0.08465239 -0.298178
vt -0.08884505 -0.2982151
vt 0.1311303 -0.3150198
vt 0.1350933 -0.3136511
vt 0.1208922 -0.2760611
vt 0.1171008 -0.2778513
vt 0.2730415 -0.2253631
vt 0.276379 -0.2228254
vt 0.2533188 -0.1896848
vt 0.2501008 -0.1923723
vt 0.3357042 -0.164269
vt 0.3386425 -0.1612784
vt 0.3129969 -0.1302557
vt 0.3099714 -0.1331581
vt 0.3393899 -0.1724429
vt 0.3423934 -0.1695176
vt 0.3188133 -0.1373988
vt 0.3155404 -0.1400192
vt 0.2712835 -0.2131011
vt 0.2750004 -0.2111607
vt 0.254891 -0.170155
vt 0.08183654 -0.3179898
vt 0.08602894 -0.3180522
vt 0.09019001 -0.2734381
vt -0.1298638 -0.279714
vt -0.1261049 -0.2815714
vt -0.1031778 -0.2448641
vt -0.2454834 -0.1835832
vt -0.2422348 -0.1862339
vt -0.2134523 -0.156343
vt -0.3031437 -0.1172974
vt -0.3001287 -0.1202111
vt -0.2714275 -0.0924475
vt -0.3225108 -0.1188041
vt -0.3193708 -0.1215827
vt -0.2943871 -0.09163247
vt -0.2734611 -0.2101675
vt -0.2697386 -0.2120971
vt -0.2549523 -0.1760572
vt -0.08606555 -0.3166051
vt -0.08187313 -0.3165429
vt -0.08772914 -0.2771688
vt 0.1270936 -0.2820755
vt 0.1308486 -0.2802099
vt 0.1070413 -0.2464199
vt 0.2444416 -0.1878148
vt 0.2476839 -0.1851564
vt 0.2158623 -0.1560457
vt 0.3018845 -0.1222358
vt 0.3049009 -0.1193235
vt 0.2706898 -0.09054866
vt 0.3208329 -0.1211529
vt 0.3239602 -0.11836
vt 0.2897518 -0.08902248
vt 0.2901136 -0.08730923
vt 0.2930977 -0.08436386
vt 0.2604423 -0.06073241
vt 0.2776356 -0.135915
vt 0.2742021 -0.1383215
vt 0.2991081 -0.1765599
vt 0.3238133 -0.1114128
vt 0.2907967 -0.07991064
vt 0.2884981 -0.08341728
vt 0.160522 -0.2503413
vt 0.1563304 -0.250238
vt 0.1610326 -0.2956665
vt -0.04432961 -0.2712083
vt -0.04754752 -0.2685204
vt -0.06623606 -0.3092447
vt -0.1856674 -0.1878459
vt -0.1876731 -0.1841638
vt -0.2164478 -0.2164918
vt -0.2592134 -0.1077103
vt -0.2609238 -0.1038821
vt -0.2909964 -0.1324747
vt -0.2919727 -0.08636357
vt -0.2942781 -0.08286135
vt -0.3211574 -0.1123924
vt -0.2750567 -0.1455041
vt -0.2785197 -0.1431403
vt -0.2971781 -0.1773904
vt -0.1564665 -0.2523924
vt -0.1606582 -0.2524924
vt -0.1624602 -0.291406
vt 0.0443891 -0.2693233
vt 0.04113797 -0.271971
vt 0.05911016 -0.3074902
vt 0.1857846 -0.1846123
vt 0.18376 -0.188284
vt 0.2126661 -0.2178303
vt 0.2579228 -0.1026306
vt 0.2562113 -0.1064582
vt 0.2892161 -0.1342205
vt 0.1511697 -0.2699485
vt 0.1553588 -0.2701258
vt 0.1502683 -0.2298828
vt -0.1434075 -0.2671278
vt -0.140991 -0.2705542
vt -0.1113153 -0.2430716
vt -0.2302863 -0.1775388
vt -0.2286275 -0.1813896
vt -0.1930847 -0.1630629
vt -0.2648967 -0.1053415
vt -0.2631902 -0.1091714
vt -0.2271748 -0.09341048
vt -0.2861421 -0.06016552
vt -0.2840245 -0.06378434
vt -0.2493195 -0.04689283
vt -0.2937694 -0.08344528
vt -0.2907977 -0.0864032
vt -0.2608971 -0.06289557
vt -0.1551792 -0.2697616
vt -0.1509902 -0.2695813
vt -0.1477952 -0.231939
vt 0.1439266 -0.2681375
vt 0.1462965 -0.2646786
vt 0.1171355 -0.2404772
vt 0.2291675 -0.1794555
vt 0.230799 -0.175593
vt 0.1958416 -0.1598065
vt 0.2623829 -0.1086708
vt 0.2640876 -0.1048401
vt 0.2276043 -0.09095599
vt 0.2823053 -0.06228969
vt 0.2844173 -0.05866763
vt 0.2463995 -0.04697368
vt 0.2486331 0.003233329
vt 0.2502795 0.007089472
vt 0.200064 0.01138147
vt 0.2604774 -0.04538381
vt 0.2581795 -0.04889094
vt 0.2921271 -0.06957074
vt 0.2821807 -0.06516937
vt 0.2454448 -0.04998493
vt 0.2440259 -0.05393042
vt 0.206988 -0.1806477
vt 0.2029735 -0.1818578
vt 0.2186873 -0.2189779
vt -0.07541694 -0.2604582
vt -0.07814495 -0.2572742
vt -0.1043332 -0.2882513
vt -0.1836891 -0.1799121
vt -0.1850232 -0.1759372
vt -0.2204857 -0.1953886
vt -0.2228049 -0.1069038
vt -0.2238829 -0.1028518
vt -0.2604928 -0.1189415
vt -0.2461022 -0.05459596
vt -0.2475199 -0.05065004
vt -0.2831025 -0.06736504
vt -0.2604411 -0.05375271
vt -0.262779 -0.05027216
vt -0.2945192 -0.07223396
vt -0.202052 -0.1857175
vt -0.2060765 -0.1845415
vt -0.2191068 -0.2202747
vt 0.07540998 -0.2586421
vt 0.07264256 -0.261792
vt 0.09781566 -0.2899604
vt 0.183637 -0.1764221
vt 0.1822873 -0.1803918
vt 0.2161826 -0.1973382
vt 0.2217778 -0.1024895
vt 0.2206965 -0.1065405
vt 0.2564789 -0.1203554
vt 0.2571127 -0.05614422
vt 0.2600741 -0.05317599
vt 0.2153304 -0.02808932
vt -0.2142051 -0.1715528
vt -0.2137005 -0.1757151
vt -0.1644258 -0.1607988
vt -0.234594 -0.1401991
vt -0.2340391 -0.1443551
vt -0.1839402 -0.1353162
vt -0.2414755 -0.1017314
vt -0.2404854 -0.1058057
vt -0.1913974 -0.09790929
vt -0.2465425 -0.04939744
vt -0.2451383 -0.05334817
vt -0.1976129 -0.04513976
vt -0.2531464 -0.002184376
vt -0.2513779 -0.005986034
vt -0.2058012 0.004802485
vt -0.2535271 -0.077824
vt -0.2502928 -0.08049221
vt -0.2156849 -0.05031059
vt 0.2030362 -0.183859
vt 0.2037121 -0.179721
vt 0.159126 -0.1695418
vt 0.2280406 -0.1460803
vt 0.2286378 -0.1419301
vt 0.1824275 -0.1386486
vt 0.2354645 -0.1052837
vt 0.2364655 -0.101212
vt 0.1889676 -0.09937599
vt 0.2385088 -0.04636414
vt 0.2398412 -0.04238861
vt 0.1910148 -0.04442916
vt 0.2000859 -0.03157356
vt 0.2003082 -0.0278066
vt 0.1528504 -0.02691781
vt 0.1540328 -0.0301015
vt 0.1943002 -0.0210673
vt 0.1942141 -0.0248399
vt 0.2431904 -0.02699205
vt 0.2412236 -0.08138219
vt 0.1922354 -0.07951988
vt 0.1923918 -0.08329023
vt 0.2025498 0.02671919
vt 0.2019395 0.02299527
vt 0.2520545 0.01765719
vt 0.1186552 -0.1882832
vt 0.1148817 -0.1882654
vt 0.1215262 -0.2391299
vt -0.1751427 -0.1534159
vt -0.1752488 -0.1496439
vt -0.2254614 -0.16101
vt -0.1879998 -0.1272153
vt -0.1877778 -0.1234482
vt -0.2380356 -0.1315569
vt -0.1946438 -0.08320432
vt -0.1944875 -0.07943397
vt -0.2435947 -0.08721054
vt -0.2008162 -0.03015777
vt -0.2009989 -0.02638862
vt -0.2483964 -0.03530622
vt -0.2099326 0.006242346
vt -0.2108185 0.009910486
vt -0.2556949 -0.003495803
vt -0.1151571 -0.1925481
vt -0.1189307 -0.1925601
vt -0.1201378 -0.2384641
vt 0.1678998 -0.1592796
vt 0.1675837 -0.1630399
vt 0.2126509 -0.1708176
vt 0.1836871 -0.1269022
vt 0.1838408 -0.1306726
vt 0.2300734 -0.1336233
vt 0.2012691 0.02467887
vt 0.2018497 0.02840753
vt 0.1530494 0.02929735
vt 0.08034538 -0.2010989
vt 0.08405496 -0.201791
vt 0.0836163 -0.1520533
vt 0.0802284 -0.1522906
vt -0.2000649 -0.1125021
vt -0.2007018 -0.1162215
vt -0.1507152 -0.1147395
vt -0.2018051 -0.1095064
vt -0.202285 -0.1132494
vt -0.1527602 -0.1117844
vt -0.2034497 -0.08036868
vt -0.2036037 -0.08413877
vt -0.1551589 -0.08225177
vt -0.1539198 -0.07909007
vt -0.2055472 -0.03069805
vt -0.2052663 -0.03446089
vt -0.1582473 -0.03168373
vt -0.1571165 -0.0284816
vt -0.2099269 0.01256458
vt -0.2090842 0.008886273
vt -0.1636216 0.01419855
vt -0.09477045 -0.2018256
vt -0.09102874 -0.2013367
vt -0.08890775 -0.1565416
vt -0.09227782 -0.1561216
vt 0.1914105 -0.1319496
vt 0.1910753 -0.1281909
vt 0.1467692 -0.1233716
vt 0.1973423 -0.1172206
vt 0.1969305 -0.1134696
vt 0.1519668 -0.1112965
vt 0.1988611 -0.08310984
vt 0.1987064 -0.07933942
vt 0.1538846 -0.08121774
vt 0.1563994 -0.03111927
vt 0.1552709 -0.02791601
vt 0.09618498 -0.03637327
vt 0.09664924 -0.03939441
vt 0.1988318 -0.08228996
vt 0.1527731 -0.08100621
vt 0.1540101 -0.08416913
vt 0.1535582 0.0317886
vt 0.154311 0.02847683
vt 0.2017506 0.0268924
vt -0.1510855 -0.113177
vt -0.1506962 -0.1098032
vt -0.2004267 -0.1107586
vt -0.1530597 -0.1136708
vt -0.1520999 -0.110413
vt -0.2021005 -0.1113069
vt -0.1638656 0.0188897
vt -0.1633454 0.02224585
vt -0.2101655 0.01711012
vt 0.1451721 -0.1243769
vt 0.1452186 -0.1277728
vt 0.1896821 -0.133612
vt 0.1510685 -0.1140778
vt 0.1519364 -0.1173613
vt 0.1964094 -0.1202606
vt 0.143753 0.04257907
vt 0.1426375 0.04578684
vt 0.08474754 0.03089665
vt 0.08586022 0.02804982
vt -0.07378483 0.1444485
vt -0.07717972 0.1443541
vt -0.07224976 0.08399813
vt -0.06931191 0.08484179
vt -0.1703591 -0.06409008
vt -0.1717192 -0.06720184
vt -0.111596 -0.08161554
vt -0.1115562 -0.07855944
vt -0.1658561 -0.09300549
vt -0.1671384 -0.09615
vt -0.1044713 -0.1046627
vt -0.104631 -0.1016106
vt -0.1629355 -0.0765892
vt -0.164174 -0.07975148
vt -0.1001758 -0.0871454
vt -0.1001392 -0.08408906
vt -0.1592484 -0.02871873
vt -0.1603349 -0.03193645
vt -0.09583632 -0.04042066
vt -0.09541119 -0.03739379
vt -0.1488367 0.04315657
vt -0.1498583 0.03991768
vt -0.08650868 0.02551964
vt -0.08547882 0.02839749
vt 0.08043202 0.147452
vt 0.07703961 0.147613
vt 0.07079995 0.08373526
vt 0.07372075 0.08283436
vt 0.1730847 -0.07078936
vt 0.1718083 -0.06764254
vt 0.1103598 -0.08114297
vt 0.1103194 -0.08419886
vt 0.1670001 -0.0977584
vt 0.1657519 -0.09459985
vt 0.1047791 -0.102644
vt 0.1620832 -0.08029839
vt 0.1608433 -0.07713677
vt 0.1009403 -0.08422142
vt 0.1009794 -0.08727761
vt 0.1076861 -0.04884545
vt 0.1075385 -0.0457924
vt 0.02926889 -0.05829599
vt 0.02974113 -0.0610061
vt 0.1046021 -0.1027154
vt 0.1044065 -0.1057657
vt 0.166831 -0.09793221
vt 0.09868087 0.01501083
vt 0.09802304 0.01799572
vt 0.02201094 -0.004070859
vt 0.02247379 -0.006782483
vt -0.06350899 0.08739933
vt -0.06649129 0.08672978
vt -0.04888151 0.01014508
vt -0.04613088 0.01018033
vt -0.1178857 -0.05951225
vt -0.1184634 -0.06251381
vt -0.04308227 -0.08140852
vt -0.04175666 -0.07899797
vt -0.1144982 -0.09097483
vt -0.114631 -0.09402845
vt -0.03865806 -0.105084
vt -0.03764825 -0.1025253
vt -0.1116023 -0.08397667
vt -0.1116165 -0.08703315
vt -0.03619072 -0.0964765
vt -0.03546325 -0.0938236
vt -0.1079875 -0.04692158
vt -0.1080993 -0.04997614
vt -0.03323265 -0.06076635
vt -0.03279198 -0.0580509
vt -0.09925021 0.0149452
vt -0.09981478 0.01194128
vt -0.02640891 -0.006759244
vt -0.02602994 -0.004034647
vt 0.06755598 0.08588495
vt 0.06458379 0.08659797
vt 0.0466073 0.01242922
vt 0.04935708 0.01235312
vt 0.1167849 -0.06486432
vt 0.116269 -0.06185158
vt 0.04112288 -0.07948154
vt 0.04239874 -0.08191872
vt 0.1133272 -0.09499428
vt 0.1132185 -0.09193967
vt 0.0358953 -0.1031244
vt 0.03688554 -0.1056909
vt 0.1108537 -0.08712827
vt 0.1108376 -0.08407177
vt 0.03262908 -0.09440263
vt 0.03335895 -0.09705491
vt 0.03302038 -0.0616892
vt 0.03267516 -0.05896
vt -0.004793054 -0.05854256
vt 0.03207007 -0.01245999
vt 0.03216206 -0.009710575
vt -0.005051111 -0.01021575
vt -0.03646148 0.0347537
vt -0.03908356 0.03558576
vt -0.0426824 -0.002069404
vt -0.03563448 -0.08210617
vt -0.0366147 -0.08467662
vt 0.002472785 -0.08657763
vt -0.03570829 -0.1032637
vt -0.03666501 -0.1058429
vt 0.004106535 -0.1068591
vt -0.03640815 -0.093119
vt -0.03713248 -0.09577288
vt 0.005200901 -0.09631636
vt -0.03728854 -0.0588846
vt -0.03758813 -0.06161921
vt 0.005790817 -0.06160785
vt -0.03857248 -0.01232785
vt -0.03831258 -0.01506649
vt 0.005303404 -0.01382338
vt -0.05309891 -0.01869355
vt -0.05040878 -0.01926886
vt -0.0319567 0.0196069
vt 0.0338914 -0.08613515
vt 0.03312529 -0.08349304
vt -0.008522089 -0.08080988
vt 0.0342441 -0.1066558
vt 0.03334156 -0.1040571
vt -0.006715068 -0.1026219
vt 0.03401508 -0.09661494
vt 0.03328773 -0.09396191
vt -0.006047299 -0.09535055
vt 0.008446995 -0.05748666
vt 0.009695428 -0.0553486
vt -0.03696023 -0.04794718
vt -0.004067936 -0.04363793
vt -0.004795241 -0.04600455
vt 0.03370605 -0.0472273
vt 0.03310855 -0.08732959
vt -0.005401121 -0.0864081
vt -0.0062256 -0.08874264
vt -0.003468653 0.01006199
vt -0.003906547 0.007625169
vt 0.03354606 0.006466248
vt 0.003159577 -0.05938649
vt 0.00320005 -0.05691097
vt -0.03399376 -0.05560888
vt 0.003716286 -0.09439759
vt 0.003325655 -0.09195272
vt -0.0344836 -0.0908022
vt 0.004626625 -0.1066402
vt 0.003915274 -0.1042688
vt -0.03520469 -0.1032323
vt 0.005651074 -0.08902
vt 0.004819929 -0.08668783
vt -0.03595396 -0.08577077
vt 0.006413157 -0.04549465
vt 0.005689905 -0.04312675
vt -0.0366406 -0.04239284
vt 0.00622364 0.008100367
vt 0.00576697 0.01053373
vt -0.03761197 0.01050224
vt -0.009131789 -0.05643009
vt -0.009269644 -0.0589021
vt 0.0342456 -0.0621151
vt -0.007303673 -0.09153774
vt -0.007757296 -0.09397169
vt 0.03524118 -0.09568483
vt -0.006197975 -0.1037492
vt -0.006924816 -0.1061159
vt 0.03478472 -0.1075364
vt 0.01661179 -0.00509917
vt 0.01820822 -0.003206757
vt -0.02781296 0.01153188
vt 0.01613229 -0.05452921
vt 0.01688797 -0.05688693
vt 0.05746301 -0.02855259
vt -0.002680433 -0.09156748
vt -0.002559032 -0.09404038
vt 0.04705241 -0.08502353
vt -0.007042435 -0.1043984
vt -0.006557539 -0.1068262
vt 0.04391869 -0.1004101
vt -0.009744959 -0.09373824
vt -0.00881818 -0.09603409
vt 0.04154553 -0.08983421
vt -0.01268796 -0.05825284
vt -0.01138763 -0.06035978
vt 0.03803385 -0.05248364
vt -0.02056947 -0.00699687
vt -0.01884662 -0.008774957
vt 0.02729165 0.007634906
vt -0.02380541 -0.05435648
vt -0.02276338 -0.05211058
vt -0.05682115 -0.01856796
vt -0.002053564 -0.0938887
vt -0.001880309 -0.09141891
vt -0.04740993 -0.08034979
vt 0.002162628 -0.1061332
vt 0.002666374 -0.1037091
vt -0.04313337 -0.09634123
vt 0.005379862 -0.09460126
vt 0.006304298 -0.09230446
vt -0.04051382 -0.0878431
vt -0.03263862 -0.02590968
vt -0.03192965 -0.0237972
vt -0.07859916 -0.005220002
vt -0.03361824 -0.02397794
vt -0.03426633 -0.02610988
vt 0.01121655 -0.03592197
vt 0.007305185 -0.07706307
vt -0.03871991 -0.07023226
vt -0.03948572 -0.0723248
vt -0.01266681 0.03363539
vt -0.01377441 0.03170187
vt 0.02560652 0.005612145
vt 0.05304028 -0.0522708
vt 0.05183431 -0.05039712
vt 0.006806722 -0.0679383
vt 0.04590904 -0.09252948
vt 0.0449661 -0.0905105
vt -0.003954106 -0.09799259
vt 0.04312201 -0.09737691
vt 0.0422349 -0.09533287
vt -0.00786049 -0.1010819
vt 0.04053024 -0.07189728
vt 0.03975766 -0.06980724
vt -0.01074149 -0.07604037
vt 0.03586871 -0.02541076
vt 0.03520446 -0.02328375
vt -0.01465358 -0.03272398
vt 0.01342537 0.03282366
vt 0.01224057 0.03471082
vt -0.02957299 0.007212795
vt -0.05359917 -0.04902495
vt -0.05482559 -0.05088536
vt -0.01041769 -0.07152422
vt -0.04542729 -0.09031747
vt -0.04635789 -0.09234212
vt 0.0005259117 -0.1016667
vt -0.04144076 -0.09567785
vt -0.04232345 -0.09772385
vt 0.003995451 -0.1047971
vt 0.002214982 0.02744577
vt 0.00381766 0.02899388
vt -0.02482514 0.06925057
vt 0.0561436 -0.04301378
vt 0.05778136 -0.04452468
vt 0.09737588 -0.01630971
vt 0.0497403 -0.08795078
vt 0.05085902 -0.08987792
vt 0.09654078 -0.07489483
vt 0.04494555 -0.09411823
vt 0.04585509 -0.09615239
vt 0.09209077 -0.08355059
vt 0.03967427 -0.06982931
vt 0.04044813 -0.07191889
vt 0.086522 -0.05775866
vt 0.02945427 -0.02335265
vt 0.03029273 -0.0254172
vt 0.07440535 -0.004454941
vt -0.01055318 0.02406787
vt -0.008771126 0.02273019
vt 0.01447246 0.06662554
vt -0.05858435 -0.0430036
vt -0.05681366 -0.04165089
vt -0.09522437 -0.008919055
vt -0.05250698 -0.0890085
vt -0.05130132 -0.08713458
vt -0.09900345 -0.06906147
vt -0.04684111 -0.09568095
vt -0.04591396 -0.09365471
vt -0.09510021 -0.07958259
vt -0.0412103 -0.07195308
vt -0.04047937 -0.06984811
vt -0.09013632 -0.05700128
vt -0.06702442 0.01324689
vt -0.06588738 0.01416572
vt -0.1381394 0.07170232
vt -0.1390781 0.07119799
vt -0.07205362 0.01339717
vt -0.07312194 0.01239912
vt -0.02795492 -0.01101059
vt -0.03940513 -0.06237376
vt -0.08811873 -0.04770889
vt -0.08890662 -0.04894039
vt 0.04083109 0.06836347
vt 0.0394737 0.06890644
vt 0.0365374 0.01876131
vt 0.09867 -0.04387454
vt 0.09833375 -0.04245175
vt 0.05365089 -0.06353381
vt 0.09537878 -0.08059935
vt 0.09503182 -0.07917912
vt 0.04825572 -0.0924383
vt 0.09119514 -0.08061825
vt 0.09062952 -0.07927017
vt 0.04402508 -0.09107451
vt 0.08522947 -0.0500591
vt 0.08441247 -0.04884672
vt 0.03849923 -0.06257689
vt 0.06884085 0.01163526
vt 0.06772611 0.01258116
vt 0.02513348 -0.009983909
vt -0.03377926 0.06717637
vt -0.03516779 0.06671889
vt -0.03707922 0.01791637
vt -0.09935127 -0.03544635
vt -0.09979494 -0.03683939
vt -0.05750303 -0.06288667
vt -0.09823505 -0.07598696
vt -0.09862565 -0.07739577
vt -0.05112524 -0.09443882
vt -0.09417874 -0.07764588
vt -0.09474739 -0.07899272
vt -0.0458791 -0.09362216
vt 0.03168691 0.05867138
vt 0.03308412 0.05824202
vt 0.03804639 0.1504728
vt 0.03706077 0.1508773
vt 0.09509674 -0.02594293
vt 0.0957339 -0.02725864
vt 0.1690988 0.02903043
vt 0.1686093 0.02997702
vt 0.09826757 -0.07168768
vt 0.09873556 -0.07307274
vt 0.1827684 -0.03404411
vt 0.182297 -0.0330882
vt 0.09472112 -0.0777186
vt 0.09529124 -0.07906468
vt 0.1812548 -0.04393553
vt 0.1806483 -0.04305933
vt 0.08703901 -0.04882997
vt 0.08782861 -0.05006035
vt 0.171997 -0.01039585
vt 0.1712342 -0.009651596
vt 0.06433262 0.01309766
vt 0.06548063 0.01219253
vt 0.1373176 0.07149328
vt 0.1363726 0.071986
vt -0.0317826 0.05697305
vt -0.0303793 0.05738211
vt -0.03455466 0.150439
vt -0.03554577 0.1500481
vt -0.09570353 -0.02560752
vt -0.09503838 -0.02430572
vt -0.1678626 0.03360695
vt -0.1683717 0.03267078
vt -0.09996055 -0.07202903
vt -0.09948078 -0.07064804
vt -0.1834723 -0.03104349
vt -0.1839519 -0.03199525
vt -0.09685837 -0.07828544
vt -0.09628818 -0.07693933
vt -0.1821469 -0.04212397
vt -0.1827538 -0.04299993
vt -0.08938067 -0.04926198
vt -0.08859895 -0.04802657
vt -0.1726498 -0.009484048
vt -0.1734079 -0.01023308
vt 0.04782598 -0.1308942
vt 0.04681627 -0.1305531
vt 0.04577129 -0.1307625
vt 0.04497097 -0.1314663
vt 0.04462983 -0.1324761
vt 0.04483923 -0.133521
vt 0.04554308 -0.1343213
vt 0.04655279 -0.1346625
vt 0.04759778 -0.1344531
vt 0.04839809 -0.1337492
vt 0.04873922 -0.1327395
vt 0.04852983 -0.1316945
vt -0.01924785 -0.03780124
vt -0.02023872 -0.05989339
vt -0.01972137 -0.05991052
vt -0.04906796 -0.04799763
vt -0.04569153 -0.06985272
vt -0.04518092 -0.0697677
vt -0.0632826 -0.06314107
vt -0.05679666 -0.08428291
vt -0.0563036 -0.0841253
vt -0.06062435 -0.06915101
vt -0.05292304 -0.08988105
vt -0.05243995 -0.08969511
vt -0.04357039 -0.06213043
vt -0.03657236 -0.08310832
vt -0.03608327 -0.08293878
vt -0.01490559 -0.04974842
vt -0.01046148 -0.07141163
vt -0.009955658 -0.07130168
vt 0.0194343 -0.04493148
vt 0.01988366 -0.06704127
vt 0.02040103 -0.06702469
vt 0.04844435 -0.05306361
vt 0.04466341 -0.07485235
vt 0.04517443 -0.07493488
vt 0.06297453 -0.06488462
vt 0.05611189 -0.08590721
vt 0.05660582 -0.08606207
vt 0.06125323 -0.06762625
vt 0.0530884 -0.08817814
vt 0.05357167 -0.08836362
vt 0.04492422 -0.05768528
vt 0.03734442 -0.07846006
vt 0.03783274 -0.07863177
vt 0.01613088 -0.04305584
vt 0.01105573 -0.06457996
vt 0.01156091 -0.06469285
vt -0.02445763 -0.07866685
vt -0.02497341 -0.07862313
vt -0.02544196 -0.07884317
vt -0.02573771 -0.079268
vt -0.02578143 -0.07978379
vt -0.02556139 -0.08025233
vt -0.02513656 -0.08054809
vt -0.02462077 -0.08059181
vt -0.02415223 -0.08037177
vt -0.02385647 -0.07994694
vt -0.02381276 -0.07943115
vt -0.0240328 -0.07896261
vt 0.09480967 -0.08147419
vt 0.06967332 -0.06261735
vt 0.06936611 -0.06303396
vt -0.002115106 -0.1271379
vt 0.00500613 -0.09653226
vt 0.004501014 -0.09641911
vt -0.08108786 -0.1080288
vt -0.05363991 -0.0927309
vt -0.05389563 -0.09228084
vt -0.09447102 -0.1036262
vt -0.06464826 -0.09372573
vt -0.06481539 -0.09323581
vt -0.09918608 -0.09479708
vt -0.06895256 -0.0862326
vt -0.06909774 -0.08573574
vt -0.1014391 -0.07800458
vt -0.07155381 -0.06829439
vt -0.07171782 -0.06780342
vt -0.09800976 -0.07072808
vt -0.07105453 -0.05457779
vt -0.07132422 -0.05413596
vt 0.007324081 -0.1231367
vt -0.0007931226 -0.09278007
vt -0.001292075 -0.0929179
vt 0.08623851 -0.1008843
vt 0.05799589 -0.08710857
vt 0.0577728 -0.08757567
vt 0.09667785 -0.1008775
vt 0.06675348 -0.0912886
vt 0.06659959 -0.09178282
vt 0.100311 -0.09565493
vt 0.07026024 -0.08646966
vt 0.07011302 -0.08696592
vt 0.1015795 -0.08287428
vt 0.07225663 -0.07157896
vt 0.07207455 -0.07206351
vt -0.02041615 -0.0641192
vt -0.02088206 -0.06389363
vt -0.02139832 -0.06393123
vt -0.02182662 -0.06422193
vt -0.02205219 -0.06468785
vt -0.02201459 -0.06520412
vt -0.02172389 -0.06563242
vt -0.02125798 -0.06585798
vt -0.0207417 -0.06582038
vt -0.0203134 -0.06552967
vt -0.02008784 -0.06506377
vt -0.02012544 -0.06454749
vt 0.06503968 -0.06406909
vt 0.0480238 -0.05016045
vt 0.04770095 -0.05056506
vt 0.04043913 -0.09881988
vt 0.02299328 -0.08545454
vt 0.02268333 -0.08586912
vt 0.009663497 -0.1262092
vt -0.006219131 -0.1110194
vt -0.006572476 -0.1113976
vt -0.03652669 -0.1283502
vt -0.04679442 -0.1089192
vt -0.04724921 -0.1091664
vt -0.08616571 -0.08854816
vt -0.08354005 -0.06672854
vt -0.08405467 -0.06667275
vt -0.08945125 -0.05668057
vt -0.07621859 -0.03913387
vt -0.07663552 -0.03882709
vt -0.06972767 -0.07093202
vt -0.05272748 -0.05700421
vt -0.05306023 -0.05660769
vt -0.04629517 -0.1026041
vt -0.02847698 -0.08973928
vt -0.02878492 -0.08932319
vt -0.0164633 -0.1280343
vt 0.0002631786 -0.1137789
vt -7.720145E-05 -0.1133889
vt 0.03096896 -0.1291904
vt 0.0425695 -0.1105244
vt 0.04212666 -0.1102564
vt 0.08676285 -0.08258865
vt 0.08435806 -0.06074358
vt 0.08384423 -0.06080627
vt 0.08727836 -0.0465597
vt 0.07363629 -0.02932936
vt 0.07323427 -0.02965544
vt 0.08128376 -0.04890247
vt 0.0815035 -0.04843379
vt 0.08145946 -0.04791803
vt 0.08116344 -0.04749339
vt 0.08069475 -0.04727365
vt 0.08017899 -0.0473177
vt 0.07975435 -0.04761373
vt 0.07953461 -0.04808241
vt 0.07957865 -0.04859817
vt 0.07987468 -0.0490228
vt 0.08034337 -0.04924254
vt 0.08085913 -0.0491985
vt -0.1047822 -0.03396762
vt -0.1089452 -0.05526993
vt -0.1083327 -0.05537775
vt -0.08105667 -0.01753063
vt -0.09172468 -0.03643962
vt -0.09121682 -0.03671109
vt -0.03868331 -0.03957944
vt -0.0527332 -0.05613468
vt -0.05232647 -0.05646792
vt 0.01142838 -0.08066225
vt -0.002718406 -0.09713115
vt -0.002317189 -0.09747101
vt 0.06122698 -0.09504236
vt 0.05026024 -0.1137733
vt 0.05075826 -0.1140624
vt 0.0980878 -0.0698733
vt 0.0935727 -0.09110098
vt 0.09418223 -0.09122431
vt 0.1043683 -0.02796865
vt 0.1080232 -0.04936397
vt 0.1086342 -0.04924779
vt 0.07716851 -0.007644017
vt 0.08750311 -0.02673727
vt 0.08800316 -0.0264517
vt 0.0317016 -0.03006659
vt 0.04541527 -0.0469014
vt 0.04581713 -0.0465623
vt -0.01875809 -0.07295449
vt -0.005073029 -0.08980903
vt -0.00466713 -0.08947478
vt -0.06593177 -0.08947811
vt -0.05563554 -0.1085859
vt -0.05512964 -0.1083108
vt -0.09898801 -0.06897231
vt -0.09520318 -0.09034227
vt -0.09459193 -0.09022774
vt 0.1059326 -0.03118198
vt 0.1065407 -0.03105217
vt 0.1069878 -0.03068921
vt 0.1071539 -0.03019033
vt 0.1069946 -0.02968923
vt 0.1065526 -0.02932017
vt 0.1059463 -0.02918203
vt 0.1053381 -0.02931183
vt 0.104891 -0.0296748
vt 0.1047249 -0.03017367
vt 0.1048842 -0.03067478
vt 0.1053262 -0.03104385
vt -0.01574109 -0.0992749
vt -0.03664692 -0.08978996
vt -0.03691491 -0.09032981
vt -0.0238525 -0.1070361
vt -0.04385827 -0.09589465
vt -0.04437141 -0.09674086
vt -0.02825758 -0.09782699
vt -0.04648878 -0.08401906
vt -0.04724673 -0.08502952
vt -0.03228728 -0.08541879
vt -0.04777123 -0.0685484
vt -0.04865747 -0.06944845
vt -0.03681833 -0.06428036
vt -0.04616705 -0.04331326
vt -0.04703578 -0.04378728
vt -0.02305174 -0.03725876
vt -0.01176187 -0.01723667
vt -0.01230396 -0.01697322
vt 0.01003871 -0.1026817
vt 0.03008032 -0.09148564
vt 0.02980489 -0.09094955
vt 0.02065919 -0.1070645
vt 0.04034536 -0.09536758
vt 0.03987165 -0.09449868
vt 0.02591959 -0.09709778
vt 0.04502508 -0.08452736
vt 0.04432591 -0.08347537
vt 0.03033318 -0.08388549
vt 0.048489 -0.06993096
vt 0.04766963 -0.06896964
vt 0.03591147 -0.05965586
vt 0.05021657 -0.04170086
vt 0.04939571 -0.04114808
vt 0.01753932 -0.0176059
vt 0.005671967 0.002079405
vt 0.005175747 0.00173731
vt 0.0363974 -0.1012412
vt 0.0364547 -0.1006412
vt 0.0359765 -0.09977474
vt 0.03509096 -0.09887401
vt 0.03403534 -0.09818034
vt 0.03309251 -0.09787958
vt 0.03251508 -0.09805235
vt 0.03245779 -0.09865233
vt 0.03293598 -0.09951877
vt 0.03382153 -0.1004195
vt 0.03487714 -0.1011132
vt 0.03581998 -0.1014139
vt 0.1045489 0.03659015
vt 0.0870806 0.04108194
vt 0.08695889 0.04057882
vt 0.01701083 -0.1361927
vt 0.02916222 -0.1228638
vt 0.02877473 -0.1225206
vt -0.06699025 -0.1310216
vt -0.04915563 -0.1283304
vt -0.0492402 -0.1278197
vt -0.07573193 -0.1084427
vt -0.05773639 -0.1072275
vt -0.05777866 -0.1067116
vt -0.07919521 -0.06198692
vt -0.06116849 -0.06139218
vt -0.06119298 -0.06087512
vt -0.08122309 -0.0009675194
vt -0.06318778 -0.0007583209
vt -0.06320121 -0.0002408527
vt -0.08259956 0.05945809
vt -0.06456336 0.05934982
vt -0.06456768 0.05986744
vt 0.0857171 -0.1019766
vt 0.0676806 -0.1019421
vt 0.06768704 -0.1024597
vt 0.08587511 -0.1195877
vt 0.06784616 -0.1190645
vt 0.06783858 -0.1195821
vt 0.08738764 -0.1048177
vt 0.06937116 -0.1039674
vt 0.06935418 -0.1044848
vt 0.08958864 -0.06341041
vt 0.07159847 -0.06211819
vt 0.0715688 -0.06263499
vt 0.09352601 -0.008390772
vt 0.07561062 -0.00630376
vt 0.07555812 -0.006818728
vt -0.09651112 -0.06677278
vt -0.09698163 -0.06655698
vt -0.09749701 -0.06660534
vt -0.09791915 -0.06690492
vt -0.09813495 -0.06737544
vt -0.09808659 -0.0678908
vt -0.09778702 -0.06831295
vt -0.09731652 -0.06852876
vt -0.09680114 -0.06848039
vt -0.096379 -0.06818082
vt -0.09616319 -0.06771031
vt -0.09621155 -0.06719493
vt -0.09305985 -0.05315442
vt -0.09146196 -0.06460301
vt -0.09083252 -0.06449116
vt -0.08390628 -0.07927617
vt -0.07988904 -0.0901282
vt -0.07934945 -0.08989967
vt -0.05069149 -0.08328417
vt -0.04517911 -0.09346549
vt -0.04472429 -0.09319867
vt -0.0014507 -0.05763265
vt 0.00390082 -0.06789257
vt 0.004365581 -0.06764347
vt 0.04621225 -0.03661435
vt 0.04968853 -0.04763881
vt 0.05024657 -0.04746004
vt 0.07890598 -0.04019537
vt 0.07956892 -0.0517298
vt 0.08020638 -0.05168154
vt 0.09281389 -0.0583604
vt 0.09054984 -0.06969607
vt 0.09118098 -0.06979789
vt 0.08672027 -0.07529415
vt 0.08201556 -0.08586631
vt 0.08256134 -0.08607963
vt 0.05849899 -0.07079075
vt 0.05242812 -0.08064924
vt 0.05288634 -0.08091018
vt 0.01081276 -0.03893651
vt 0.005029366 -0.04895935
vt 0.005489034 -0.04921773
vt -0.04087416 -0.0173101
vt -0.04475077 -0.02820025
vt -0.04419783 -0.02839424
vt -0.07812198 -0.02643026
vt -0.07929369 -0.03792416
vt -0.07865662 -0.03797745
vt -0.08545182 -0.0660895
vt -0.08606473 -0.06627124
vt -0.08649277 -0.06667145
vt -0.08662124 -0.06718285
vt -0.0864157 -0.06766846
vt -0.08593126 -0.06799814
vt -0.0852977 -0.06808355
vt -0.08468477 -0.06790181
vt -0.08425674 -0.0675016
vt -0.08412828 -0.06699018
vt -0.0843338 -0.06650458
vt -0.08481826 -0.0661749
vt -0.01246082 -0.0782102
vt -0.00819751 -0.09771362
vt -0.007693287 -0.09759653
vt -0.02666574 -0.07010692
vt -0.03074339 -0.08964999
vt -0.03023534 -0.08974914
vt -0.03019627 -0.067982
vt -0.04038208 -0.08515197
vt -0.0399335 -0.08541028
vt -0.0261596 -0.07354768
vt -0.0389698 -0.08885968
vt -0.03856851 -0.08918665
vt -0.01812623 -0.07982151
vt -0.03118972 -0.09491801
vt -0.03079393 -0.09525163
vt -0.0058596 -0.08139204
vt -0.01683418 -0.09806889
vt -0.01639813 -0.09834782
vt 0.01165116 -0.07596747
vt 0.006531069 -0.09526367
vt 0.007033076 -0.09538993
vt 0.0270153 -0.06611906
vt 0.03089427 -0.08570253
vt 0.0314007 -0.08559538
vt 0.0300147 -0.06394804
vt 0.04020847 -0.08111329
vt 0.04065008 -0.08084324
vt 0.02515249 -0.07102598
vt 0.03773997 -0.0865216
vt 0.03813748 -0.08619004
vt 0.01656813 -0.0790424
vt 0.02908609 -0.09459423
vt 0.02948509 -0.09426446
vt 0.004150849 -0.08215842
vt 0.01424948 -0.09937982
vt 0.01469257 -0.09911221
vt 0.02074663 -0.03436211
vt 0.02124339 -0.03450763
vt 0.02174636 -0.03438528
vt 0.02212077 -0.03402783
vt 0.02226629 -0.03353107
vt 0.02214393 -0.03302809
vt 0.02178649 -0.03265369
vt 0.02128972 -0.03250816
vt 0.02078676 -0.03263053
vt 0.02041235 -0.03298797
vt 0.02026683 -0.03348473
vt 0.02038918 -0.0339877
vt -0.03194734 -0.1265713
vt -0.03624018 -0.101009
vt -0.03674979 -0.1010998
vt -0.03749057 -0.1230576
vt -0.03911967 -0.09718855
vt -0.03963593 -0.09722625
vt -0.03277503 -0.1192069
vt -0.03118833 -0.09333526
vt -0.03170529 -0.09330873
vt -0.01913791 -0.1194704
vt -0.01473232 -0.09392731
vt -0.01524328 -0.09384442
vt -0.0007625216 -0.123709
vt 0.005309884 -0.09851012
vt 0.004805463 -0.09839389
vt 0.01761684 -0.1275023
vt 0.02385516 -0.1023439
vt 0.02335153 -0.1022243
vt 0.03168281 -0.1266211
vt 0.0365391 -0.1011598
vt 0.03602968 -0.1010679
vt 0.03748458 -0.1210952
vt 0.03966253 -0.09526657
vt 0.03914631 -0.09522823
vt 0.03270259 -0.1157092
vt 0.03160924 -0.08981199
vt 0.0310923 -0.08983897
vt 0.01874305 -0.115483
vt 0.01479395 -0.08986531
vt 0.01428317 -0.08994928
vt 0.000131629 -0.1203424
vt -0.005466832 -0.09503401
vt -0.005971108 -0.09515086
vt -0.01818385 -0.1255559
vt -0.02389666 -0.100273
vt -0.0244004 -0.1003921
vt 0.03684256 -0.03937434
vt 0.03649402 -0.03899162
vt 0.03600083 -0.03883445
vt 0.03549511 -0.03894494
vt 0.0351124 -0.03929348
vt 0.03495524 -0.03978669
vt 0.03506572 -0.04029239
vt 0.03541426 -0.0406751
vt 0.03590746 -0.04083227
vt 0.03641317 -0.04072179
vt 0.03679588 -0.04037324
vt 0.03695305 -0.03988004
vt 0.01257648 -0.06934279
vt 0.03844746 -0.07094039
vt 0.03847421 -0.07042344
vt 0.01311346 -0.028102
vt 0.03871534 -0.03215209
vt 0.03879111 -0.03164002
vt -0.009460967 -0.02772005
vt -0.034337 -0.03500309
vt -0.0341866 -0.0354984
vt -0.01154469 -0.06801603
vt -0.03741998 -0.06954218
vt -0.03738434 -0.07005858
vt -0.01179814 -0.09277645
vt -0.03771302 -0.09330417
vt -0.03769731 -0.09382157
vt -0.01187922 -0.0930559
vt -0.03779947 -0.09304179
vt -0.03779458 -0.0935594
vt -0.01187645 -0.06847739
vt -0.03779117 -0.06794164
vt -0.0377967 -0.06845926
vt -0.01163673 -0.02526657
vt -0.03750034 -0.0235538
vt -0.03752938 -0.02407062
vt 0.01297133 -0.02237492
vt 0.0387325 -0.01950753
vt 0.0386701 -0.01899367
vt 0.01242482 -0.06682489
vt 0.03834378 -0.0665656
vt 0.03833343 -0.06604807
vt 0.01238801 -0.09241518
vt 0.03830603 -0.09275556
vt 0.03830766 -0.09223793
vt 0.01243403 -0.09324305
vt 0.03834061 -0.09408509
vt 0.03835225 -0.09356759
vt -0.008273249 -0.09607099
vt -0.007940898 -0.09646785
vt -0.007454642 -0.09664536
vt -0.006944786 -0.09655596
vt -0.006547933 -0.0962236
vt -0.006370425 -0.09573735
vt -0.006459827 -0.09522749
vt -0.006792179 -0.09483064
vt -0.007278433 -0.09465313
vt -0.007788292 -0.09474253
vt -0.008185145 -0.09507488
vt -0.008362649 -0.09556113
vt 0.07390003 -0.07134823
vt 0.05092574 -0.0593465
vt 0.05069066 -0.05980768
vt 0.07447447 -0.09137558
vt 0.0499186 -0.08307688
vt 0.04975777 -0.08356892
vt 0.07230143 -0.1065506
vt 0.04762217 -0.09862633
vt 0.04746885 -0.09912073
vt 0.06771827 -0.1074618
vt 0.04366951 -0.09779133
vt 0.0434812 -0.0982735
vt 0.0526961 -0.1022537
vt 0.03209115 -0.08652804
vt 0.03178122 -0.08694265
vt -0.02649864 -0.1013016
vt -0.02253769 -0.07568581
vt -0.02305002 -0.07561182
vt -0.07216764 -0.08050083
vt -0.05005275 -0.06698079
vt -0.05032715 -0.06654187
vt -0.07483874 -0.09515033
vt -0.05040278 -0.08650489
vt -0.05058029 -0.08601865
vt -0.07350004 -0.1065609
vt -0.04864237 -0.09921541
vt -0.04879401 -0.09872048
vt -0.07010029 -0.1037678
vt -0.04549526 -0.095616
vt -0.04566295 -0.09512627
vt -0.05856528 -0.09403716
vt -0.03622736 -0.0808889
vt -0.03649438 -0.08044544
vt 0.02931107 -0.09431119
vt 0.02487172 -0.06877393
vt 0.02436264 -0.06886767
vt 0.01604346 -0.08062071
vt 0.01647829 -0.08033987
vt 0.01671445 -0.07987924
vt 0.01668865 -0.07936225
vt 0.01640781 -0.07892741
vt 0.01594718 -0.07869126
vt 0.01543018 -0.07871706
vt 0.01499535 -0.0789979
vt 0.0147592 -0.07945852
vt 0.01478499 -0.07997552
vt 0.01506583 -0.08041035
vt 0.01552646 -0.08064651
vt 0.0891019 -0.07462148
vt 0.08577651 -0.07042499
vt 0.08538683 -0.07076571
vt 0.03298793 -0.1138759
vt 0.03056874 -0.1090992
vt 0.0301188 -0.1093551
vt -0.04560714 -0.1288683
vt -0.04621506 -0.1235486
vt -0.04672591 -0.1236322
vt -0.1162639 -0.1005783
vt -0.1146334 -0.09547828
vt -0.1151334 -0.09534468
vt -0.1442989 -0.06732371
vt -0.1411505 -0.06299286
vt -0.1415834 -0.06270908
vt -0.1397071 -0.0646835
vt -0.1358882 -0.06093058
vt -0.1362684 -0.06057935
vt -0.1149704 -0.09179759
vt -0.1110447 -0.08815645
vt -0.1114147 -0.08779438
vt -0.06454959 -0.1333516
vt -0.06115481 -0.129211
vt -0.06157051 -0.1289026
vt 0.03226139 -0.1522515
vt 0.03372132 -0.1471001
vt 0.03321706 -0.1469832
vt 0.1277273 -0.09492768
vt 0.1260956 -0.08982803
vt 0.1256108 -0.09000944
vt 0.1445228 -0.04318104
vt 0.1413112 -0.03889684
vt 0.1409125 -0.03922698
vt 0.1251366 -0.04291541
vt 0.1215579 -0.03893273
vt 0.1211901 -0.03929691
vt 0.07708118 0.04469996
vt 0.07691564 0.04519041
vt 0.07652704 0.04553238
vt 0.07601952 0.04563423
vt 0.07552908 0.0454687
vt 0.0751871 0.0450801
vt 0.07508524 0.04457258
vt 0.07525079 0.04408213
vt 0.07563938 0.04374016
vt 0.07614689 0.0436383
vt 0.07663735 0.04380385
vt 0.07697932 0.04419244
vt -0.1412328 -0.007373913
vt -0.1414413 -0.01202855
vt -0.1409236 -0.01202295
vt -0.1427852 -0.06810945
vt -0.1416446 -0.07262698
vt -0.1411505 -0.07247259
vt -0.0985555 -0.09296174
vt -0.09668309 -0.09722827
vt -0.09622137 -0.09699423
vt -0.03638729 -0.07617303
vt -0.03438377 -0.08037957
vt -0.03392951 -0.08013137
vt 0.03170148 -0.04345417
vt 0.03335049 -0.0478119
vt 0.0338237 -0.04760209
vt 0.0967225 -0.02503746
vt 0.09756269 -0.02962038
vt 0.09806587 -0.02949889
vt 0.1410039 -0.03548808
vt 0.140705 -0.04013778
vt 0.1412226 -0.04014225
vt 0.1472666 -0.05612208
vt 0.1458579 -0.06056332
vt 0.1463593 -0.06069217
vt 0.1175918 -0.05530661
vt 0.1154332 -0.05943576
vt 0.1159046 -0.05964971
vt 0.06448171 -0.02478814
vt 0.06201728 -0.02874235
vt 0.06247112 -0.02899131
vt -0.004615632 0.01622
vt -0.006922881 0.01217208
vt -0.006459621 0.01194112
vt -0.08259251 0.03155866
vt -0.08415602 0.02716952
vt -0.08365951 0.02702318
vt -0.1398415 -0.0699506
vt -0.1403591 -0.06995966
vt -0.1408028 -0.0702263
vt -0.1410537 -0.07067905
vt -0.1410446 -0.0711966
vt -0.140778 -0.07164029
vt -0.1403252 -0.07189121
vt -0.1398077 -0.07188214
vt -0.139364 -0.07161551
vt -0.1391131 -0.07116276
vt -0.1391221 -0.0706452
vt -0.1393888 -0.07020152
vt -0.1184609 0.02563825
vt -0.1174553 0.01612691
vt -0.1169422 0.01619523
vt -0.1273194 -0.07055884
vt -0.1210439 -0.07777651
vt -0.1206626 -0.07742642
vt -0.09879886 -0.0901655
vt -0.09122396 -0.09600483
vt -0.09091914 -0.09558646
vt -0.06659664 -0.05752836
vt -0.05895773 -0.06328367
vt -0.05865754 -0.06286196
vt -0.02485396 -0.0002306783
vt -0.01799934 -0.006900834
vt -0.01764851 -0.006520217
vt 0.04013526 0.0435293
vt 0.04445904 0.03499808
vt 0.04491426 0.0352445
vt 0.1158366 0.01234304
vt 0.1146302 0.002855079
vt 0.1151453 0.002803709
vt 0.1326387 -0.05807648
vt 0.1268248 -0.06567086
vt 0.1272441 -0.06597428
vt 0.1127516 -0.07688891
vt 0.1052105 -0.08277182
vt 0.1055398 -0.08317119
vt 0.084885 -0.0450889
vt 0.07688852 -0.05033607
vt 0.0771841 -0.05076102
vt 0.04727311 0.01538348
vt 0.03958366 0.009695843
vt 0.03990264 0.009288165
vt -0.01956006 0.06956847
vt -0.02527143 0.06189664
vt -0.02484801 0.06159889
vt -0.1066541 -0.0933535
vt -0.1071701 -0.09339491
vt -0.1075963 -0.09368877
vt -0.1078184 -0.09415633
vt -0.107777 -0.09467231
vt -0.1074831 -0.09509845
vt -0.1070156 -0.09532057
vt -0.1064996 -0.09527916
vt -0.1060734 -0.09498531
vt -0.1058513 -0.09451775
vt -0.1058927 -0.09400176
vt -0.1061866 -0.09357563
vt 0.06223109 -0.10086
vt 0.05348304 -0.0910106
vt 0.05310284 -0.09136189
vt 0.005655829 -0.1335702
vt -0.0007994954 -0.1220868
vt -0.001245656 -0.1223493
vt -0.07106795 -0.1303414
vt -0.07238395 -0.1172339
vt -0.07289788 -0.1172957
vt -0.1243746 -0.08622766
vt -0.1195216 -0.0739807
vt -0.1200065 -0.0737995
vt -0.1284635 -0.06089332
vt -0.1201223 -0.05069707
vt -0.1205293 -0.05037724
vt -0.1082939 -0.07384767
vt -0.09873487 -0.06478319
vt -0.09909837 -0.06441465
vt -0.07401858 -0.1080384
vt -0.06461614 -0.09881164
vt -0.06498589 -0.09844937
vt -0.01802644 -0.1408137
vt -0.01052709 -0.1299833
vt -0.01095838 -0.129697
vt 0.06807603 -0.1350908
vt 0.07015607 -0.1220826
vt 0.06964342 -0.1220109
vt 0.1270716 -0.07706476
vt 0.1221092 -0.06486171
vt 0.1216336 -0.06506608
vt 0.1250518 -0.04807971
vt 0.1166535 -0.03793036
vt 0.1162613 -0.03826813
vt 0.0999115 -0.06403255
vt 0.09062696 -0.05468713
vt 0.09026697 -0.05505911
vt 0.08937877 0.01262277
vt 0.08917819 0.01309996
vt 0.08876588 0.01341293
vt 0.08825232 0.01347782
vt 0.08777513 0.01327723
vt 0.08746216 0.01286492
vt 0.08739728 0.01235137
vt 0.08759786 0.01187417
vt 0.08801017 0.0115612
vt 0.08852372 0.01149632
vt 0.08900092 0.0116969
vt 0.08931389 0.01210921
vt -0.1118221 -0.0675566
vt -0.1107958 -0.07656507
vt -0.1102834 -0.07649182
vt -0.1197316 -0.05338127
vt -0.1203311 -0.06242816
vt -0.1198138 -0.06244763
vt -0.09475122 -0.04514772
vt -0.09686019 -0.05396577
vt -0.09635352 -0.05407175
vt -0.0465162 -0.0549515
vt -0.04959767 -0.06347851
vt -0.04910601 -0.06364048
vt 0.01171641 -0.07504458
vt 0.008363348 -0.08346851
vt 0.008849556 -0.08364613
vt 0.06857895 -0.08638341
vt 0.06570731 -0.09498337
vt 0.06620278 -0.09513323
vt 0.1102443 -0.07439574
vt 0.1086133 -0.08331456
vt 0.109125 -0.0833931
vt 0.1195744 -0.04518957
vt 0.1196842 -0.05425564
vt 0.1202014 -0.0542346
vt 0.09112824 -0.02505172
vt 0.09284639 -0.03395418
vt 0.09335165 -0.03384162
vt 0.03878491 -0.03023798
vt 0.04145714 -0.03890198
vt 0.04194723 -0.03873536
vt -0.02045882 -0.05143695
vt -0.01761502 -0.06004616
vt -0.01712834 -0.05986983
vt -0.07459339 -0.0684196
vt -0.07232682 -0.07719846
vt -0.07182951 -0.0770548
vt 0.1202656 -0.02475332
vt 0.120739 -0.02496275
vt 0.1212537 -0.02490744
vt 0.1216718 -0.02460219
vt 0.1218812 -0.02412881
vt 0.1218259 -0.02361414
vt 0.1215206 -0.02319608
vt 0.1210473 -0.02298664
vt 0.1205326 -0.02304196
vt 0.1201145 -0.0233472
vt 0.1199051 -0.02382058
vt 0.1199604 -0.02433525
vt -0.03715444 -0.06207559
vt -0.0375528 -0.06427589
vt -0.03703619 -0.06430854
vt -0.06490147 -0.06393578
vt -0.06554481 -0.0660773
vt -0.06503516 -0.06616785
vt -0.07790805 -0.07013124
vt -0.07870816 -0.07221926
vt -0.0782066 -0.07234729
vt -0.07240202 -0.08353874
vt -0.07323366 -0.08561441
vt -0.0727341 -0.08575001
vt -0.0466856 -0.1006378
vt -0.04739596 -0.102758
vt -0.0468894 -0.1028646
vt -0.004062801 -0.1104772
vt -0.004497286 -0.1126706
vt -0.003981285 -0.1127118
vt 0.0414665 -0.1030723
vt 0.04138454 -0.1053068
vt 0.04190055 -0.1052658
vt 0.07133969 -0.08313151
vt 0.07154321 -0.08535829
vt 0.07204978 -0.08525182
vt 0.07788213 -0.06497581
vt 0.07821415 -0.06718709
vt 0.07871371 -0.06705149
vt 0.06399699 -0.05667022
vt 0.06429568 -0.05888624
vt 0.06479723 -0.05875819
vt 0.03548497 -0.05690538
vt 0.03561894 -0.05913743
vt 0.03612858 -0.05904682
vt -0.0009338669 -0.06005814
vt -0.001051761 -0.0622911
vt -0.0005351586 -0.06225838
vt 0.01963427 0.05393025
vt 0.02013431 0.05406405
vt 0.02050046 0.05442996
vt 0.0206346 0.0549299
vt 0.02050081 0.05542995
vt 0.02013491 0.05579611
vt 0.01963495 0.05593025
vt 0.0191349 0.05579644
vt 0.01876875 0.05543054
vt 0.01863461 0.05493059
vt 0.01876841 0.05443054
vt 0.01913432 0.05406439
vt -0.04074071 -0.106624
vt -0.03786735 -0.1000319
vt -0.03834901 -0.09984224
vt -0.05092243 -0.1020203
vt -0.04722331 -0.09585348
vt -0.04767651 -0.09560336
vt -0.05021307 -0.1020334
vt -0.04642346 -0.09592178
vt -0.04687292 -0.09566501
vt -0.03780951 -0.1067279
vt -0.0347323 -0.1002283
vt -0.03520782 -0.1000238
vt -0.01153492 -0.1120644
vt -0.01017219 -0.1050036
vt -0.01068364 -0.1049238
vt 0.02140341 -0.1101676
vt 0.02045959 -0.1030386
vt 0.0199492 -0.103125
vt 0.04403583 -0.1031361
vt 0.04138328 -0.09645197
vt 0.04090933 -0.0966601
vt 0.05182005 -0.09979562
vt 0.04846833 -0.09343331
vt 0.04801933 -0.0936909
vt 0.04802442 -0.1022751
vt 0.04479896 -0.0958479
vt 0.04434497 -0.09609658
vt 0.03373133 -0.1084089
vt 0.03139295 -0.1016085
vt 0.03090982 -0.1017943
vt 0.009294869 -0.1135419
vt 0.00859707 -0.1063847
vt 0.008084021 -0.1064534
vt -0.0191259 -0.1124982
vt -0.01783467 -0.1054239
vt -0.01834692 -0.1053493
vt 0.004002644 -0.005160497
vt 0.00364068 -0.00553054
vt 0.003512234 -0.006031987
vt 0.003651715 -0.00653048
vt 0.004021763 -0.006892441
vt 0.004523207 -0.007020892
vt 0.0050217 -0.006881406
vt 0.005383664 -0.006511363
vt 0.00551211 -0.006009916
vt 0.005372629 -0.005511424
vt 0.005002581 -0.005149462
vt 0.004501137 -0.005021012
vt -0.1085047 0.07409918
vt -0.1152852 0.06837159
vt -0.1149398 0.06798606
vt -0.05517293 0.04667074
vt -0.06364284 0.04401725
vt -0.06347375 0.043528
vt -0.03309832 -0.02752269
vt -0.04182763 -0.02912876
vt -0.04171916 -0.02963491
vt -0.01869691 -0.1010617
vt -0.02749486 -0.1022349
vt -0.02741151 -0.1027458
vt -0.003338742 -0.1500911
vt -0.01213561 -0.1512723
vt -0.01205179 -0.1517831
vt 0.04650066 -0.1530494
vt 0.03826698 -0.1563641
vt 0.03847421 -0.1568384
vt 0.04274806 0.1206602
vt 0.05125561 0.11813
vt 0.05138864 0.1186302
vt 0.01433386 0.06064486
vt 0.02305878 0.05901508
vt 0.02313895 0.05952647
vt 9.648059E-05 -0.02028663
vt 0.008795854 -0.02204766
vt 0.008883719 -0.02153753
vt -0.01567897 -0.0957054
vt -0.007108811 -0.09801466
vt -0.006988766 -0.09751113
vt -0.04358841 -0.1416854
vt -0.03549371 -0.1453263
vt -0.03529523 -0.1448482
vt -0.121449 -0.1049658
vt -0.1168877 -0.1125799
vt -0.1164516 -0.1123011
vt 0.152263 -0.05074531
vt 0.1527522 -0.05057622
vt 0.1530914 -0.05018517
vt 0.1531896 -0.04967693
vt 0.1530205 -0.0491877
vt 0.1526294 -0.04884853
vt 0.1521212 -0.04875034
vt 0.1516319 -0.04891943
vt 0.1512928 -0.04931049
vt 0.1511946 -0.04981873
vt 0.1513637 -0.05030797
vt 0.1517547 -0.05064712
vt 0.1318753 -0.0331137
vt 0.1288463 -0.02732372
vt 0.1283975 -0.02758164
vt 0.07098788 -0.06371553
vt 0.06821882 -0.05779684
vt 0.06775902 -0.05803461
vt -0.008972699 -0.09726715
vt -0.01079465 -0.09099187
vt -0.01128565 -0.09115578
vt -0.09428855 -0.1025537
vt -0.0945314 -0.0960238
vt -0.09504753 -0.09606351
vt -0.1546935 -0.07614748
vt -0.153183 -0.06979005
vt -0.153691 -0.06969043
vt -0.1700679 -0.05271674
vt -0.1672641 -0.04681444
vt -0.1677401 -0.04661103
vt -0.1462589 -0.06080152
vt -0.1428399 -0.05523292
vt -0.1432914 -0.05497977
vt -0.09218978 -0.09739663
vt -0.0888143 -0.09180158
vt -0.08926777 -0.09155194
vt -0.00944402 -0.1350649
vt -0.006875319 -0.1290566
vt -0.007358971 -0.1288721
vt 0.0902179 -0.1326932
vt 0.09106772 -0.1262143
vt 0.09055221 -0.1261673
vt 0.1592981 -0.08088286
vt 0.1580887 -0.07446134
vt 0.1575842 -0.07457723
vt 0.1670271 -0.03545615
vt 0.1644601 -0.02944707
vt 0.1639925 -0.02966912
vt 0.1159381 0.08159149
vt 0.1160134 0.08210362
vt 0.1158225 0.08258478
vt 0.1154166 0.08290602
vt 0.1149045 0.08298127
vt 0.1144233 0.08279038
vt 0.1141021 0.08238448
vt 0.1140268 0.08187235
vt 0.1142177 0.08139119
vt 0.1146236 0.08106995
vt 0.1151358 0.0809947
vt 0.1156169 0.08118559
vt -0.1864604 -0.04574346
vt -0.180647 -0.04746003
vt -0.1804056 -0.04357822
vt -0.1861323 -0.04159149
vt 0.09122876 -0.018757
vt 0.09413498 -0.01343687
vt 0.09204503 -0.009816251
vt 0.08945228 -0.01529599
vt 0.0854094 -0.09932294
vt 0.0899627 -0.1033251
vt 0.0915834 -0.09948745
vt 0.08704033 -0.09547366
vt 0.1718124 -0.007202356
vt 0.1703995 -0.0130976
vt 0.1762114 -0.01137355
vt -0.1734245 -0.009406052
vt -0.1676492 -0.01124896
vt -0.1689408 -0.005325982
vt -0.1003191 -0.07750838
vt -0.09981718 -0.08354901
vt -0.09614326 -0.08302087
vt -0.09616658 -0.07695946
vt 0.10268 -0.07477051
vt 0.1014036 -0.06884432
vt 0.09716846 -0.06848995
vt 0.09900142 -0.07426832
vt -0.09665646 -0.04767707
vt -0.09480429 -0.05344936
vt -0.09125722 -0.05121966
vt -0.0930499 -0.04542861
vt 0.001604139 -0.09424035
vt 0.00379871 -0.09989136
vt 0.00759534 -0.0951653
vt -0.006144489 -0.102616
vt -0.002342458 -0.1073377
vt -0.0001543497 -0.1016842
vt 0.1023942 -0.07028861
vt 0.1035352 -0.07624241
vt 0.1070281 -0.0782195
vt 0.1063744 -0.0721927
vt -0.08443791 -0.1043291
vt -0.08618818 -0.09852622
vt -0.08988614 -0.1008125
vt -0.08780782 -0.1065061
vt -0.0262902 -0.124137
vt -0.03191095 -0.1218662
vt -0.03208142 -0.1262751
vt -0.02643595 -0.1284838
vt 0.002833155 -0.08806858
vt 0.005028212 -0.09371941
vt 0.008824435 -0.08899301
vt 0.1067801 -0.07369303
vt 0.1073265 -0.07973051
vt 0.1097491 -0.08330549
vt 0.1098183 -0.07724373
vt -0.05858055 -0.1151201
vt -0.06169572 -0.1099221
vt -0.06436162 -0.1136042
vt -0.06103508 -0.1186695
vt -0.006986385 -0.1327195
vt -0.01290354 -0.1314037
vt -0.01185635 -0.1359573
vt -0.005910875 -0.1371386
vt 0.002287378 -0.08051141
vt 0.004480762 -0.08616288
vt 0.008278381 -0.0814376
vt 0.1025052 -0.09274108
vt 0.1015705 -0.09873066
vt 0.1015021 -0.1033002
vt 0.1026554 -0.09734882
vt -0.02014129 -0.09711263
vt -0.02392353 -0.09237543
vt -0.02538688 -0.09672586
vt -0.02158591 -0.101448
vt 0.004094228 -0.1010606
vt -0.001893678 -0.1001161
vt -0.0005217799 -0.1045172
vt 0.005469554 -0.1054398
vt 0.002318717 -0.08062354
vt 0.004515829 -0.08627354
vt 0.008310332 -0.08154576
vt -0.04783577 -0.035094
vt -0.05237026 -0.0391174
vt -0.05125861 -0.04303818
vt -0.04667486 -0.03907102
vt 0.09837781 -0.07031672
vt 0.09594771 -0.06476295
vt 0.09450581 -0.06839512
vt 0.09671852 -0.07403903
vt -0.02835841 -0.02338481
vt -0.03412687 -0.02524551
vt -0.03381819 -0.02937556
vt -0.0281292 -0.02728443
vt 0.005953572 -0.09877421
vt 0.007210254 -0.1047047
vt 0.01171787 -0.1006511
vt -0.006949001 -0.1016581
vt -0.00236866 -0.1056293
vt -0.001219668 -0.09967702
vt 0.09682544 -0.06794366
vt 0.09897377 -0.0736124
vt 0.09957545 -0.0694084
vt 0.09720641 -0.06382829
vt -0.02784727 -0.06963594
vt -0.0230978 -0.06586872
vt -0.02422619 -0.06180731
vt -0.02899681 -0.06554771
vt -0.02880392 -0.05479527
vt -0.02300715 -0.05302273
vt -0.02206722 -0.04899872
vt -0.02789093 -0.05068065
vt 0.006915211 -0.09751777
vt 0.008218575 -0.1034382
vt 0.01269411 -0.09934922
vt 0.09312532 -0.06958522
vt 0.09515499 -0.07529752
vt 0.0946143 -0.07083727
vt 0.09247578 -0.06516483
vt -0.007765234 -0.09099619
vt -0.003083324 -0.08714525
vt -0.004184276 -0.08279274
vt -0.008868532 -0.08664083
vt -0.02059351 -0.08241422
vt -0.01477356 -0.08071848
vt -0.01344498 -0.076453
vt -0.01927214 -0.07812379
vt 0.007028233 -0.09439789
vt 0.00836627 -0.1003106
vt 0.01281777 -0.09619544
vt 0.03401006 -0.09461655
vt 0.03383931 -0.1006763
vt 0.03608459 -0.09221075
vt 0.03322973 -0.09755866
vt 0.001776985 -0.09595615
vt 0.006333849 -0.09195802
vt 0.004298954 -0.08730216
vt -0.001730543 -0.0879309
vt -0.01637201 -0.08840542
vt -0.01055859 -0.08668666
vt -0.01187412 -0.08943152
vt -0.01417597 -0.08382337
vt -0.0008645966 -0.08616754
vt 0.002679398 -0.08124916
vt -0.003352027 -0.08063919
vt 0.09753104 -0.05051784
vt 0.0962794 -0.04458803
vt 0.09249414 -0.04199571
vt 0.09493213 -0.04754416
vt 0.01361856 -0.1111702
vt 0.01953527 -0.1098532
vt 0.01730682 -0.1059961
vt 0.01136097 -0.1071746
vt -0.06373744 -0.08585282
vt -0.06277567 -0.09182264
vt -0.05980492 -0.08925229
vt -0.06017157 -0.08321662
vt -0.005613402 -0.09726383
vt -0.00194519 -0.09243739
vt -0.007959105 -0.09167387
vt -0.1628972 -0.01784816
vt -0.1606734 -0.02348756
vt -0.1568801 -0.02514293
vt -0.1589536 -0.01944657
vt 0.1533048 -0.0707717
vt 0.152654 -0.06474539
vt 0.1484081 -0.06546485
vt 0.1492265 -0.0714707
vt -0.1455048 -0.01491413
vt -0.1501138 -0.01885196
vt -0.1459304 -0.01963111
vt -0.1412781 -0.01574451
vt 0.08297177 -0.08982744
vt 0.0823134 -0.09585377
vt 0.08786154 -0.09341075
vt -0.08255051 -0.09836552
vt -0.07699109 -0.1007827
vt -0.07767744 -0.09475951
vt 0.1278335 -0.07958701
vt 0.1278626 -0.08564911
vt 0.1318973 -0.08695394
vt 0.1318737 -0.08089181
vt -0.1107366 -0.1193352
vt -0.1159945 -0.116318
vt -0.1199131 -0.117926
vt -0.1146582 -0.1209485
vt -0.1550393 -0.01876135
vt -0.1506138 -0.01461831
vt -0.1545876 -0.01611317
vt -0.1589953 -0.0202751
vt 0.0860213 -0.09130687
vt 0.08535616 -0.09733245
vt 0.09090704 -0.09489568
vt 0.09874792 -0.08979337
vt 0.09824647 -0.09583478
vt 0.1030319 -0.09774797
vt 0.1068336 -0.09302599
vt -0.09247802 -0.1077174
vt -0.09798609 -0.1051854
vt -0.09515602 -0.1040057
vt -0.09723506 -0.1097003
vt -0.1189231 -0.05558092
vt -0.1139343 -0.05213675
vt -0.122074 -0.05523096
vt -0.1160571 -0.05449146
vt -0.1164077 -0.09608291
vt -0.1127205 -0.1008948
vt -0.1103969 -0.09529562
vt 0.03676577 -0.04752051
vt 0.03275379 -0.05206037
vt 0.03688028 -0.05374005
vt 0.04109256 -0.04938538
vt -0.01807236 -0.128923
vt -0.01732891 -0.122915
vt -0.02108511 -0.1246928
vt -0.02217313 -0.1306481
vt -0.1322163 0.05206538
vt -0.138163 0.0508953
vt -0.1411434 0.04724257
vt -0.1355418 0.04955666
vt -0.09281571 -0.09827753
vt -0.08881917 -0.1028358
vt -0.08686989 -0.09709553
vt -0.03822889 -0.09228806
vt -0.04398935 -0.09417645
vt -0.04017277 -0.0963811
vt -0.0344046 -0.09451637
vt 0.04953017 -0.09505
vt 0.04776224 -0.08925141
vt 0.04405529 -0.09161113
vt 0.04580998 -0.09741376
vt -0.05439819 -0.04281658
vt -0.05325501 -0.04876987
vt -0.05087978 -0.05250461
vt -0.05211178 -0.04656906
vt -0.03752243 -0.09430833
vt -0.0385398 -0.1002845
vt -0.03285558 -0.09817749
vt 0.02979032 -0.09982118
vt 0.0354914 -0.1018822
vt 0.03442574 -0.09591441
vt 0.04130954 -0.09264257
vt 0.04258716 -0.09856858
vt 0.04409475 -0.09782881
vt 0.04018937 -0.09319223
vt -0.040488 -0.09925123
vt -0.03476592 -0.09724928
vt -0.04416145 -0.09287469
vt -0.04201039 -0.09854241
vt -0.04237317 -0.08905498
vt -0.0464522 -0.08457039
vt -0.04538257 -0.08521287
vt -0.05125766 -0.08371843
vt 0.0428063 -0.09210657
vt 0.04685109 -0.09662206
vt 0.04873923 -0.09086142
vt 0.02911789 -0.09660959
vt 0.03235406 -0.1017356
vt 0.03638184 -0.1007725
vt 0.03312942 -0.09565675
vt -0.02161271 -0.1005836
vt -0.02437026 -0.09520271
vt -0.02882767 -0.09474333
vt -0.02567422 -0.09990221
vt -0.03520753 0.03372765
vt -0.03542695 0.02767361
vt -0.03375388 0.03143549
vt -0.03258352 0.03737938
vt 0.0401723 -0.09339828
vt 0.04386083 -0.09820917
vt 0.04618293 -0.09260935
vt 0.02255118 -0.09803566
vt 0.02509884 -0.1035363
vt 0.02975198 -0.1032593
vt 0.02723857 -0.0977429
vt -0.02385854 -0.1021737
vt -0.02706585 -0.09702963
vt -0.03175063 -0.09680626
vt -0.02851372 -0.1019318
vt 0.01476795 0.0394198
vt 0.009662054 0.03615179
vt 0.01426936 0.0370642
vt 0.01936561 0.04034724
vt 0.04467019 -0.09197335
vt 0.04837369 -0.09677272
vt 0.05067834 -0.09116571
vt 0.03060176 -0.09614214
vt 0.03587658 -0.09912854
vt 0.0387991 -0.09602297
vt 0.03359265 -0.09291888
vt -0.02818336 -0.1074694
vt -0.02742595 -0.101455
vt -0.03078146 -0.09865405
vt -0.03141218 -0.104683
vt -0.01830606 -0.04206424
vt -0.01513371 -0.0472301
vt -0.0144957 -0.04287862
vt -0.01770339 -0.03773462
vt -0.03617238 -0.1017454
vt -0.03655218 -0.1077957
vt -0.0311226 -0.1050995
vt 0.03334584 -0.1028023
vt 0.03876807 -0.1055133
vt 0.03840474 -0.09946197
vt -0.02542567 -0.101414
vt -0.02619836 -0.1074267
vt -0.02222238 -0.1096117
vt -0.02145726 -0.103598
vt 0.03435322 -0.09428813
vt 0.02932967 -0.09089547
vt 0.02559349 -0.09369715
vt 0.03069523 -0.09697105
vt -0.003573193 -0.03400104
vt -0.005003034 -0.0281099
vt -0.007374621 -0.03196918
vt -0.006138268 -0.03790394
vt -0.03351924 -0.1034861
vt -0.03392408 -0.1095347
vt -0.02848339 -0.106861
vt -0.02674144 -0.1030232
vt -0.0274523 -0.1090436
vt -0.02437964 -0.1121016
vt -0.02365466 -0.106083
vt 0.03284272 -0.1074011
vt 0.02747517 -0.1045839
vt 0.02452363 -0.1078318
vt 0.02991687 -0.1105995
vt -0.02099003 -0.06280008
vt -0.02480969 -0.05809265
vt -0.02409147 -0.06237915
vt -0.02033923 -0.06714048
vt -0.03080959 -0.1062297
vt -0.03122852 -0.1122774
vt -0.02578161 -0.1096163
vt -0.02797697 -0.1056028
vt -0.02859167 -0.1116335
vt -0.02576525 -0.1154677
vt -0.02511461 -0.1094408
vt 0.03075156 -0.1135228
vt 0.02530195 -0.1108678
vt 0.02244269 -0.1147078
vt 0.02790301 -0.1173406
vt -0.02542314 -0.1006413
vt -0.03028 -0.09701346
vt -0.02784861 -0.1011384
vt -0.02299126 -0.1047655
vt -0.0279415 -0.1095863
vt -0.02836942 -0.1156333
vt -0.02291856 -0.1129804
vt -0.02782685 -0.1095619
vt -0.02827236 -0.1156077
vt -0.02543854 -0.119446
vt -0.02499339 -0.1134002
vt 0.02834709 -0.1158889
vt 0.02289442 -0.1132397
vt 0.02005295 -0.117072
vt 0.02550549 -0.1197215
vt -0.0230155 -0.1136294
vt -0.02804754 -0.1102488
vt -0.02519411 -0.1140722
vt -0.02016198 -0.1174527
vt -0.02510819 -0.1134707
vt -0.0255342 -0.1195179
vt -0.02008418 -0.1168632
vt -0.02426864 -0.1132675
vt -0.02479826 -0.1193065
vt -0.02417766 -0.120217
vt -0.01836312 -0.1219319
vt 0.02537774 -0.1206089
vt 0.01991857 -0.1179731
vt 0.02037008 -0.1173225
vt 0.02474952 -0.1215142
vt -0.02042348 -0.1181433
vt -0.02546095 -0.1147708
vt -0.01949801 -0.1233959
vt -0.02087385 -0.1174919
vt 0.01861148 -0.1236632
vt 0.02442949 -0.1219601
vt 0.02004552 -0.1177731
vt -0.01581108 -0.06450584
vt -0.02134707 -0.06205359
vt -0.02086668 -0.06662645
vt -0.01570385 -0.06978967
vt 0.0235153 -0.1097983
vt 0.01987171 -0.1049533
vt 0.01680476 -0.1083885
vt 0.0204462 -0.1132351
vt -0.01034329 -0.1111911
vt -0.01009803 -0.1172467
vt -0.005705673 -0.1201977
vt -0.006910901 -0.1142581
vt 0.01722745 -0.1255792
vt 0.02305776 -0.1239186
vt 0.0187045 -0.1196997
vt -0.01532225 -0.05095006
vt -0.02034009 -0.0475499
vt -0.02141673 -0.05160041
vt -0.01660139 -0.05528178
vt 0.01385537 -0.1059938
vt 0.01162199 -0.1003585
vt 0.008071546 -0.1029675
vt 0.01050871 -0.1085177
vt -0.001642814 -0.112869
vt -0.0008096668 -0.1188736
vt 0.003266256 -0.1208222
vt 0.002299603 -0.1148376
vt 0.01614281 -0.128033
vt 0.02198718 -0.1264225
vt 0.01767032 -0.1221664
vt 0.009616622 -0.03221925
vt 0.003578071 -0.03168456
vt -0.0005022457 -0.03257738
vt 0.005539393 -0.03307595
vt 0.01979445 -0.103547
vt 0.02196064 -0.09788597
vt 0.01794444 -0.09879927
vt 0.01571452 -0.1044355
vt -0.0176538 -0.09965368
vt -0.02105662 -0.10467
vt -0.0169557 -0.1053998
vt -0.01359485 -0.1003552
vt 0.000421723 -0.1019192
vt -0.00305502 -0.1068853
vt 0.00298413 -0.1074132
vt 0.00029856 -0.1074377
vt 0.006341136 -0.1069506
vt 0.002897988 -0.1019612
vt 0.01065032 -0.1007903
vt 0.007735123 -0.1061056
vt 0.01709061 -0.1012069
vt 0.01106145 -0.1005751
vt -0.001901489 -0.1052617
vt 0.004142448 -0.1057317
vt 0.003931259 -0.10582
vt 0.007841246 -0.1011873
vt -0.008990008 -0.10707
vt -0.006125058 -0.1017275
vt -0.006545911 -0.101532
vt -0.008782417 -0.1071665
vt -0.01219449 -0.1009158
vt -0.01823064 -0.1014769
vt -0.01472657 -0.1064238
vt -0.02960791 -0.06636663
vt -0.02530219 -0.07062007
vt -0.02053854 -0.06943131
vt -0.02531013 -0.06570801
vt -0.0356954 -0.07004531
vt -0.03992321 -0.0743828
vt -0.03572197 -0.07372198
vt -0.03078282 -0.07021584
vt 0.03039536 -0.1020159
vt 0.0302704 -0.09595574
vt 0.02596549 -0.09526117
vt 0.02619377 -0.1013183
vt -0.002445185 -0.09965356
vt -0.008356636 -0.1009969
vt -0.004237484 -0.1054447
vt -0.03488941 -0.06312402
vt -0.0309219 -0.0677074
vt -0.02654794 -0.0668384
vt -0.03056572 -0.06229902
vt -0.04054642 -0.0586641
vt -0.04526185 -0.06247392
vt -0.04079758 -0.0622978
vt -0.03609072 -0.05847739
vt 0.04283973 -0.09432203
vt 0.04128819 -0.08846195
vt 0.03689434 -0.08820058
vt 0.03837888 -0.09407799
vt -0.004326271 -0.09753381
vt -0.01022335 -0.09893895
vt -0.006057914 -0.1033434
vt -0.05762535 -0.06826399
vt -0.05765826 -0.06220222
vt -0.06061319 -0.06525688
vt -0.06063612 -0.07131871
vt 0.05064064 -0.07107579
vt 0.04600846 -0.07498641
vt 0.04932967 -0.07763923
vt 0.05396173 -0.07372847
vt -0.0306008 -0.09669935
vt -0.03651162 -0.09804464
vt -0.03986684 -0.1007167
vt -0.03397734 -0.09928094
vt -0.03813397 -0.05621243
vt -0.04239282 -0.05189823
vt -0.04399959 -0.0577436
vt 0.04822595 -0.06189683
vt 0.04667961 -0.05603518
vt 0.04237645 -0.06030517
vt 0.04265802 -0.06726451
vt 0.04714625 -0.06318966
vt 0.04335633 -0.06046648
vt 0.03887692 -0.06455103
vt -0.05315039 -0.05536939
vt -0.05379827 -0.06139667
vt -0.0502391 -0.05834987
vt -0.04961794 -0.05231978
vt -0.03800005 -0.08949175
vt -0.03208407 -0.08817051
vt -0.02814397 -0.08569442
vt -0.03407877 -0.08692839
vt -0.0329317 -0.05247781
vt -0.03712025 -0.04809533
vt -0.03882132 -0.05391395
vt 0.033705 -0.05388139
vt 0.03793456 -0.04953849
vt 0.0344271 -0.04659322
vt 0.03019722 -0.05093582
vt -0.0399095 -0.04765802
vt -0.04141333 -0.05353059
vt -0.03797366 -0.05050254
vt -0.03647451 -0.04462878
vt -0.03771625 -0.05935525
vt -0.0318092 -0.05799297
vt -0.02823881 -0.05512379
vt -0.03414705 -0.05648093
vt -0.02898829 -0.04852784
vt -0.03315546 -0.04412503
vt -0.03488483 -0.0499353
vt 0.02892128 -0.0486568
vt 0.03308491 -0.04425066
vt 0.02934281 -0.04047121
vt 0.02517937 -0.04487753
vt -0.03485063 -0.04350441
vt -0.03646521 -0.04934748
vt -0.03279895 -0.04549243
vt -0.0311876 -0.03964847
vt -0.03411075 -0.05176633
vt -0.02820198 -0.0504122
vt -0.02442814 -0.04666519
vt -0.03033768 -0.04801593
vt -0.02437406 -0.04376455
vt -0.02849677 -0.03932009
vt -0.03028444 -0.04511269
vt 0.02766441 -0.04953913
vt 0.03194769 -0.0452492
vt 0.03202874 -0.04533661
vt 0.02742774 -0.04928387
vt -0.03819287 -0.03975692
vt -0.03928266 -0.04572034
vt -0.03269754 -0.03745653
vt -0.03826715 -0.03985015
vt -0.02848935 -0.05701477
vt -0.02255557 -0.05577366
vt -0.02230676 -0.05553021
vt -0.02093659 -0.0496249
vt 0.03013737 -0.05508981
vt 0.03484698 -0.0512728
vt 0.02918655 -0.04910266
vt 0.0195197 -0.03703341
vt 0.02373441 -0.03267786
vt 0.01951212 -0.0295434
vt 0.01526681 -0.03386912
vt -0.04567655 -0.009527321
vt -0.04048751 -0.006434406
vt -0.03805364 -0.001444261
vt -0.0428445 -0.005123933
vt -0.00095986 -0.05043838
vt -0.003089221 -0.05609673
vt 0.001561561 -0.05358944
vt 0.004077968 -0.04809228
vt 0.01711359 -0.03926779
vt 0.02144538 -0.03502685
vt 0.01560673 -0.03339586
vt 0.004448874 -0.02359464
vt 0.008096199 -0.01875282
vt 0.003858957 -0.01657557
vt 0.0001870496 -0.02139878
vt -0.03887573 0.007007981
vt -0.03375489 0.01025174
vt -0.03117399 0.01430686
vt -0.03623769 0.01097461
vt 0.007827397 -0.04388068
vt 0.005153032 -0.04932102
vt 0.009616682 -0.04757057
vt 0.01230785 -0.04213852
vt 0.01148142 -0.03630881
vt 0.01573187 -0.03198634
vt 0.009863278 -0.03046658
vt 0.0775435 -0.05625298
vt 0.08299913 -0.05889569
vt 0.08344355 -0.05452149
vt 0.07802129 -0.05181098
vt -0.04540768 -0.1166081
vt -0.046376 -0.1106237
vt -0.04937487 -0.1074813
vt -0.0484973 -0.1134796
vt -0.03836593 -0.03122383
vt -0.03507578 -0.03631485
vt -0.0328803 -0.03242444
vt -0.03628702 -0.02741067
vt -0.07414262 -0.0884836
vt -0.07538889 -0.09441629
vt -0.0696279 -0.09252925
vt 0.06799543 -0.08990072
vt 0.07376556 -0.09175966
vt 0.07249038 -0.08583312
vt -0.08324444 -0.0970907
vt -0.08360234 -0.1031423
vt -0.0837809 -0.1011783
vt -0.08233747 -0.1070662
vt 0.07653544 -0.08955123
vt 0.07078774 -0.0876241
vt 0.07099836 -0.09036701
vt 0.07638446 -0.08758496
vt -0.06649651 -0.08629922
vt -0.07094257 -0.08217822
vt -0.07199134 -0.0921398
vt -0.06678455 -0.08903508
vt 0.07439815 -0.08683592
vt 0.07459439 -0.08077691
vt 0.06924902 -0.08363647
vt -0.06433352 -0.1105955
vt -0.06636482 -0.104889
vt -0.06661534 -0.1097487
vt -0.06565684 -0.1157297
vt 0.0799403 -0.1021225
vt 0.07450414 -0.1047948
vt 0.07521147 -0.109762
vt 0.08057524 -0.1069473
vt -0.05658022 -0.1127034
vt -0.06184368 -0.1156955
vt -0.06215217 -0.1209853
vt -0.05707098 -0.1176931
vt 0.07552865 -0.1047344
vt 0.07574467 -0.0986761
vt 0.07038999 -0.1015182
vt -0.07483868 -0.1144538
vt -0.07574232 -0.1084593
vt -0.0765372 -0.1135821
vt -0.075611 -0.1195731
vt 0.07994069 -0.1081692
vt 0.07457123 -0.1109832
vt 0.07534087 -0.1161168
vt 0.08070692 -0.1132963
vt -0.06259927 -0.1140341
vt -0.06774795 -0.1172341
vt -0.06837551 -0.1223731
vt -0.06321752 -0.119188
vt 0.0759345 -0.1093347
vt 0.07614288 -0.1032761
vt 0.07079179 -0.1061249
vt -0.07030483 -0.1195593
vt -0.07127039 -0.1135746
vt -0.07293329 -0.1188105
vt -0.07187505 -0.1247795
vt 0.08267356 -0.1139545
vt 0.07733779 -0.1168319
vt 0.07857102 -0.1221811
vt 0.08390884 -0.1193075
vt -0.05641123 -0.1259725
vt -0.06148804 -0.1292853
vt -0.06207122 -0.1347051
vt -0.05696775 -0.1314336
vt 0.07660311 -0.1130846
vt 0.07680354 -0.1070257
vt 0.07145618 -0.1098815
o group2084698987
g mesh2084698987
usemtl mat10
f 4/4/1 3/3/1 2/2/1 1/1/1
f 3/8/2 6/7/2 5/6/2 2/5/2
f 6/12/3 8/11/3 7/10/3 5/9/3
f 8/16/4 10/15/4 9/14/4 7/13/4
f 10/20/5 12/19/5 11/18/5 9/17/5
f 12/24/6 14/23/6 13/22/6 11/21/6
f 14/28/7 16/27/7 15/26/7 13/25/7
f 16/32/8 18/31/8 17/30/8 15/29/8
f 18/36/9 20/35/9 19/34/9 17/33/9
f 20/40/10 22/39/10 21/38/10 19/37/10
f 22/44/11 24/43/11 23/42/11 21/41/11
f 24/48/12 4/47/12 1/46/12 23/45/12
f 25/51/13 21/50/13 23/49/13
f 24/63/14 22/62/14 20/61/14 18/60/14 16/59/14 14/58/14 12/57/14 10/56/14 8/55/14 6/54/14 3/53/14 4/52/14
f 26/66/15 19/65/15 21/64/15
f 27/69/16 17/68/16 19/67/16
f 28/72/17 15/71/17 17/70/17
f 29/75/18 13/74/18 15/73/18
f 30/78/19 11/77/19 13/76/19
f 31/81/20 9/80/20 11/79/20
f 32/84/21 7/83/21 9/82/21
f 33/87/22 5/86/22 7/85/22
f 34/90/23 2/89/23 5/88/23
f 35/93/24 1/92/24 2/91/24
f 35/96/25 23/95/25 1/94/25
f 38/100/26 37/99/26 25/98/26 36/97/26
f 23/103/27 36/102/27 25/101/27
f 35/106/28 36/105/28 23/104/28
f 21/109/29 25/108/29 26/107/29
f 19/112/30 26/111/30 27/110/30
f 17/115/31 27/114/31 28/113/31
f 15/118/32 28/117/32 29/116/32
f 13/121/33 29/120/33 30/119/33
f 11/124/34 30/123/34 31/122/34
f 9/127/35 31/126/35 32/125/35
f 7/130/36 32/129/36 33/128/36
f 5/133/37 33/132/37 34/131/37
f 2/136/38 34/135/38 35/134/38
f 37/140/39 39/139/39 26/138/39 25/137/39
f 39/144/40 40/143/40 27/142/40 26/141/40
f 40/148/41 41/147/41 28/146/41 27/145/41
f 41/152/42 42/151/42 29/150/42 28/149/42
f 42/156/43 43/155/43 30/154/43 29/153/43
f 43/160/44 44/159/44 31/158/44 30/157/44
f 44/164/45 45/163/45 32/162/45 31/161/45
f 45/168/46 46/167/46 33/166/46 32/165/46
f 46/172/47 47/171/47 34/170/47 33/169/47
f 47/176/48 48/175/48 35/174/48 34/173/48
f 48/180/49 38/179/49 36/178/49 35/177/49
f 49/183/50 37/182/50 38/181/50
f 50/186/51 39/185/51 37/184/51
f 51/189/52 40/188/52 39/187/52
f 52/192/53 41/191/53 40/190/53
f 53/195/54 42/194/54 41/193/54
f 54/198/55 43/197/55 42/196/55
f 55/201/56 44/200/56 43/199/56
f 56/204/57 45/203/57 44/202/57
f 57/207/58 46/206/58 45/205/58
f 58/210/59 47/209/59 46/208/59
f 59/213/60 48/212/60 47/211/60
f 59/216/61 38/215/61 48/214/61
f 61/219/62 49/218/62 60/217/62
f 38/222/63 60/221/63 49/220/63
f 59/225/64 60/224/64 38/223/64
f 37/228/65 49/227/65 50/226/65
f 39/231/66 50/230/66 51/229/66
f 40/234/67 51/233/67 52/232/67
f 41/237/68 52/236/68 53/235/68
f 42/240/69 53/239/69 54/238/69
f 43/243/70 54/242/70 55/241/70
f 44/246/71 55/245/71 56/244/71
f 45/249/72 56/248/72 57/247/72
f 46/252/73 57/251/73 58/250/73
f 47/255/74 58/254/74 59/253/74
f 62/258/75 50/257/75 49/256/75
f 63/261/76 51/260/76 50/259/76
f 64/264/77 52/263/77 51/262/77
f 65/267/78 53/266/78 52/265/78
f 66/270/79 54/269/79 53/268/79
f 67/273/80 55/272/80 54/271/80
f 68/276/81 56/275/81 55/274/81
f 69/279/82 57/278/82 56/277/82
f 70/282/83 58/281/83 57/280/83
f 71/285/84 59/284/84 58/283/84
f 71/288/85 60/287/85 59/286/85
f 73/291/86 61/290/86 72/289/86
f 60/294/87 72/293/87 61/292/87
f 71/297/88 72/296/88 60/295/88
f 49/300/89 61/299/89 62/298/89
f 50/303/90 62/302/90 63/301/90
f 51/306/91 63/305/91 64/304/91
f 52/309/92 64/308/92 65/307/92
f 53/312/93 65/311/93 66/310/93
f 54/315/94 66/314/94 67/313/94
f 55/318/95 67/317/95 68/316/95
f 56/321/96 68/320/96 69/319/96
f 57/324/97 69/323/97 70/322/97
f 58/327/98 70/326/98 71/325/98
f 74/330/99 62/329/99 61/328/99
f 75/333/100 63/332/100 62/331/100
f 76/336/101 64/335/101 63/334/101
f 77/339/102 65/338/102 64/337/102
f 78/342/103 66/341/103 65/340/103
f 79/345/104 67/344/104 66/343/104
f 80/348/105 68/347/105 67/346/105
f 81/351/106 69/350/106 68/349/106
f 82/354/107 70/353/107 69/352/107
f 83/357/108 71/356/108 70/355/108
f 83/360/109 72/359/109 71/358/109
f 86/364/110 85/363/110 73/362/110 84/361/110
f 72/367/111 84/366/111 73/365/111
f 83/370/112 84/369/112 72/368/112
f 61/373/113 73/372/113 74/371/113
f 62/376/114 74/375/114 75/374/114
f 63/379/115 75/378/115 76/377/115
f 64/382/116 76/381/116 77/380/116
f 65/385/117 77/384/117 78/383/117
f 66/388/118 78/387/118 79/386/118
f 67/391/119 79/390/119 80/389/119
f 68/394/120 80/393/120 81/392/120
f 69/397/121 81/396/121 82/395/121
f 70/400/122 82/399/122 83/398/122
f 87/403/123 74/402/123 73/401/123
f 87/407/124 88/406/124 75/405/124 74/404/124
f 89/410/125 76/409/125 75/408/125
f 90/413/126 77/412/126 76/411/126
f 90/417/127 91/416/127 78/415/127 77/414/127
f 91/421/128 92/420/128 79/419/128 78/418/128
f 93/424/129 80/423/129 79/422/129
f 93/428/130 94/427/130 81/426/130 80/425/130
f 95/431/131 82/430/131 81/429/131
f 96/434/132 83/433/132 82/432/132
f 96/437/133 84/436/133 83/435/133
f 98/441/134 97/440/134 85/439/134 86/438/134
f 96/444/135 86/443/135 84/442/135
f 73/447/136 85/446/136 87/445/136
f 75/450/137 88/449/137 89/448/137
f 76/453/138 89/452/138 90/451/138
f 79/456/139 92/455/139 93/454/139
f 81/459/140 94/458/140 95/457/140
f 82/462/141 95/461/141 96/460/141
f 97/466/142 99/465/142 87/464/142 85/463/142
f 99/470/143 100/469/143 88/468/143 87/467/143
f 100/474/144 101/473/144 89/472/144 88/471/144
f 101/478/145 102/477/145 90/476/145 89/475/145
f 102/482/146 103/481/146 91/480/146 90/479/146
f 103/486/147 104/485/147 92/484/147 91/483/147
f 104/490/148 105/489/148 93/488/148 92/487/148
f 105/494/149 106/493/149 94/492/149 93/491/149
f 106/498/150 107/497/150 95/496/150 94/495/150
f 108/501/151 96/500/151 95/499/151
f 108/505/152 98/504/152 86/503/152 96/502/152
f 110/509/153 109/508/153 97/507/153 98/506/153
f 95/512/154 107/511/154 108/510/154
f 109/516/155 111/515/155 99/514/155 97/513/155
f 111/520/156 112/519/156 100/518/156 99/517/156
f 112/524/157 113/523/157 101/522/157 100/521/157
f 113/528/158 114/527/158 102/526/158 101/525/158
f 114/532/159 115/531/159 103/530/159 102/529/159
f 115/536/160 116/535/160 104/534/160 103/533/160
f 116/540/161 117/539/161 105/538/161 104/537/161
f 117/544/162 118/543/162 106/542/162 105/541/162
f 118/548/163 119/547/163 107/546/163 106/545/163
f 119/552/164 120/551/164 108/550/164 107/549/164
f 120/556/165 110/555/165 98/554/165 108/553/165
f 121/559/166 109/558/166 110/557/166
f 122/562/167 111/561/167 109/560/167
f 123/565/168 112/564/168 111/563/168
f 124/568/169 113/567/169 112/566/169
f 125/571/170 114/570/170 113/569/170
f 126/574/171 115/573/171 114/572/171
f 127/577/172 116/576/172 115/575/172
f 128/580/173 117/579/173 116/578/173
f 129/583/174 118/582/174 117/581/174
f 130/586/175 119/585/175 118/584/175
f 131/589/176 120/588/176 119/587/176
f 131/592/177 110/591/177 120/590/177
f 133/595/178 121/594/178 132/593/178
f 110/598/179 132/597/179 121/596/179
f 131/601/180 132/600/180 110/599/180
f 109/604/181 121/603/181 122/602/181
f 111/607/182 122/606/182 123/605/182
f 112/610/183 123/609/183 124/608/183
f 113/613/184 124/612/184 125/611/184
f 114/616/185 125/615/185 126/614/185
f 115/619/186 126/618/186 127/617/186
f 116/622/187 127/621/187 128/620/187
f 117/625/188 128/624/188 129/623/188
f 118/628/189 129/627/189 130/626/189
f 119/631/190 130/630/190 131/629/190
f 134/634/191 122/633/191 121/632/191
f 135/637/192 123/636/192 122/635/192
f 136/640/193 124/639/193 123/638/193
f 137/643/194 125/642/194 124/641/194
f 138/646/195 126/645/195 125/644/195
f 139/649/196 127/648/196 126/647/196
f 140/652/197 128/651/197 127/650/197
f 141/655/198 129/654/198 128/653/198
f 142/658/199 130/657/199 129/656/199
f 143/661/200 131/660/200 130/659/200
f 143/664/201 132/663/201 131/662/201
f 145/667/202 133/666/202 144/665/202
f 132/670/203 144/669/203 133/668/203
f 143/673/204 144/672/204 132/671/204
f 121/676/205 133/675/205 134/674/205
f 122/679/206 134/678/206 135/677/206
f 123/682/207 135/681/207 136/680/207
f 124/685/208 136/684/208 137/683/208
f 125/688/209 137/687/209 138/686/209
f 126/691/210 138/690/210 139/689/210
f 127/694/211 139/693/211 140/692/211
f 128/697/212 140/696/212 141/695/212
f 129/700/213 141/699/213 142/698/213
f 130/703/214 142/702/214 143/701/214
f 146/706/215 134/705/215 133/704/215
f 147/709/216 135/708/216 134/707/216
f 148/712/217 136/711/217 135/710/217
f 149/715/218 137/714/218 136/713/218
f 150/718/219 138/717/219 137/716/219
f 151/721/220 139/720/220 138/719/220
f 152/724/221 140/723/221 139/722/221
f 153/727/222 141/726/222 140/725/222
f 154/730/223 142/729/223 141/728/223
f 155/733/224 143/732/224 142/731/224
f 155/736/225 144/735/225 143/734/225
f 158/740/226 157/739/226 145/738/226 156/737/226
f 144/743/227 156/742/227 145/741/227
f 155/746/228 156/745/228 144/744/228
f 133/749/229 145/748/229 146/747/229
f 134/752/230 146/751/230 147/750/230
f 135/755/231 147/754/231 148/753/231
f 136/758/232 148/757/232 149/756/232
f 137/761/233 149/760/233 150/759/233
f 138/764/234 150/763/234 151/762/234
f 139/767/235 151/766/235 152/765/235
f 140/770/236 152/769/236 153/768/236
f 141/773/237 153/772/237 154/771/237
f 142/776/238 154/775/238 155/774/238
f 157/780/239 159/779/239 146/778/239 145/777/239
f 159/784/240 160/783/240 147/782/240 146/781/240
f 160/788/241 161/787/241 148/786/241 147/785/241
f 161/792/242 162/791/242 149/790/242 148/789/242
f 162/796/243 163/795/243 150/794/243 149/793/243
f 163/800/244 164/799/244 151/798/244 150/797/244
f 164/804/245 165/803/245 152/802/245 151/801/245
f 165/808/246 166/807/246 153/806/246 152/805/246
f 166/812/247 167/811/247 154/810/247 153/809/247
f 167/816/248 168/815/248 155/814/248 154/813/248
f 168/820/249 158/819/249 156/818/249 155/817/249
f 168/832/250 167/831/250 166/830/250 165/829/250 164/828/250 163/827/250 162/826/250 161/825/250 160/824/250 159/823/250 157/822/250 158/821/250
o group1646287810
g mesh1646287810
usemtl mat9
f 171/835/251 170/834/251 169/833/251
f 170/838/252 172/837/252 169/836/252
f 172/841/253 173/840/253 169/839/253
f 173/844/254 174/843/254 169/842/254
f 174/847/255 175/846/255 169/845/255
f 175/850/256 176/849/256 169/848/256
f 176/853/257 177/852/257 169/851/257
f 177/856/258 178/855/258 169/854/258
f 178/859/259 179/858/259 169/857/259
f 179/862/260 180/861/260 169/860/260
f 180/865/261 181/864/261 169/863/261
f 181/868/262 171/867/262 169/866/262
f 181/880/263 180/879/263 179/878/263 178/877/263 177/876/263 176/875/263 175/874/263 174/873/263 173/872/263 172/871/263 170/870/263 171/869/263
o group1118167015
g mesh1118167015
usemtl mat9
f 184/883/264 183/882/264 182/881/264
f 183/886/265 185/885/265 182/884/265
f 185/889/266 186/888/266 182/887/266
f 186/892/267 187/891/267 182/890/267
f 187/895/268 188/894/268 182/893/268
f 188/898/269 189/897/269 182/896/269
f 189/901/270 190/900/270 182/899/270
f 190/904/271 191/903/271 182/902/271
f 191/907/272 192/906/272 182/905/272
f 192/910/273 193/909/273 182/908/273
f 193/913/274 194/912/274 182/911/274
f 194/916/275 184/915/275 182/914/275
f 194/928/276 193/927/276 192/926/276 191/925/276 190/924/276 189/923/276 188/922/276 187/921/276 186/920/276 185/919/276 183/918/276 184/917/276
o group1534534517
g mesh1534534517
usemtl mat9
f 197/931/277 196/930/277 195/929/277
f 196/934/278 198/933/278 195/932/278
f 198/937/279 199/936/279 195/935/279
f 199/940/280 200/939/280 195/938/280
f 200/943/281 201/942/281 195/941/281
f 201/946/282 202/945/282 195/944/282
f 202/949/283 203/948/283 195/947/283
f 203/952/284 204/951/284 195/950/284
f 204/955/285 205/954/285 195/953/285
f 205/958/286 206/957/286 195/956/286
f 206/961/287 207/960/287 195/959/287
f 207/964/288 197/963/288 195/962/288
f 207/976/289 206/975/289 205/974/289 204/973/289 203/972/289 202/971/289 201/970/289 200/969/289 199/968/289 198/967/289 196/966/289 197/965/289
o group114577122
g mesh114577122
usemtl mat9
f 210/979/290 209/978/290 208/977/290
f 209/982/291 211/981/291 208/980/291
f 211/985/292 212/984/292 208/983/292
f 212/988/293 213/987/293 208/986/293
f 213/991/294 214/990/294 208/989/294
f 214/994/295 215/993/295 208/992/295
f 215/997/296 216/996/296 208/995/296
f 216/1000/297 217/999/297 208/998/297
f 217/1003/298 218/1002/298 208/1001/298
f 218/1006/299 219/1005/299 208/1004/299
f 219/1009/300 220/1008/300 208/1007/300
f 220/1012/301 210/1011/301 208/1010/301
f 220/1024/302 219/1023/302 218/1022/302 217/1021/302 216/1020/302 215/1019/302 214/1018/302 213/1017/302 212/1016/302 211/1015/302 209/1014/302 210/1013/302
o group917841974
g mesh917841974
usemtl mat9
f 223/1027/303 222/1026/303 221/1025/303
f 222/1030/304 224/1029/304 221/1028/304
f 224/1033/305 225/1032/305 221/1031/305
f 225/1036/306 226/1035/306 221/1034/306
f 226/1039/307 227/1038/307 221/1037/307
f 227/1042/308 228/1041/308 221/1040/308
f 228/1045/309 229/1044/309 221/1043/309
f 229/1048/310 230/1047/310 221/1046/310
f 230/1051/311 231/1050/311 221/1049/311
f 231/1054/312 232/1053/312 221/1052/312
f 232/1057/313 233/1056/313 221/1055/313
f 233/1060/314 223/1059/314 221/1058/314
f 233/1072/315 232/1071/315 231/1070/315 230/1069/315 229/1068/315 228/1067/315 227/1066/315 226/1065/315 225/1064/315 224/1063/315 222/1062/315 223/1061/315
o group1668015107
g mesh1668015107
usemtl mat9
f 236/1075/316 235/1074/316 234/1073/316
f 235/1078/317 237/1077/317 234/1076/317
f 237/1081/318 238/1080/318 234/1079/318
f 238/1084/319 239/1083/319 234/1082/319
f 239/1087/320 240/1086/320 234/1085/320
f 240/1090/321 241/1089/321 234/1088/321
f 241/1093/322 242/1092/322 234/1091/322
f 242/1096/323 243/1095/323 234/1094/323
f 243/1099/324 244/1098/324 234/1097/324
f 244/1102/325 245/1101/325 234/1100/325
f 245/1105/326 246/1104/326 234/1103/326
f 246/1108/327 236/1107/327 234/1106/327
f 246/1120/328 245/1119/328 244/1118/328 243/1117/328 242/1116/328 241/1115/328 240/1114/328 239/1113/328 238/1112/328 237/1111/328 235/1110/328 236/1109/328
o group304536810
g mesh304536810
usemtl mat9
f 249/1123/329 248/1122/329 247/1121/329
f 248/1126/330 250/1125/330 247/1124/330
f 250/1129/331 251/1128/331 247/1127/331
f 251/1132/332 252/1131/332 247/1130/332
f 252/1135/333 253/1134/333 247/1133/333
f 253/1138/334 254/1137/334 247/1136/334
f 254/1141/335 255/1140/335 247/1139/335
f 255/1144/336 256/1143/336 247/1142/336
f 256/1147/337 257/1146/337 247/1145/337
f 257/1150/338 258/1149/338 247/1148/338
f 258/1153/339 259/1152/339 247/1151/339
f 259/1156/340 249/1155/340 247/1154/340
f 259/1168/341 258/1167/341 257/1166/341 256/1165/341 255/1164/341 254/1163/341 253/1162/341 252/1161/341 251/1160/341 250/1159/341 248/1158/341 249/1157/341
o group1767164764
g mesh1767164764
usemtl mat9
f 262/1171/342 261/1170/342 260/1169/342
f 261/1174/343 263/1173/343 260/1172/343
f 263/1177/344 264/1176/344 260/1175/344
f 264/1180/345 265/1179/345 260/1178/345
f 265/1183/346 266/1182/346 260/1181/346
f 266/1186/347 267/1185/347 260/1184/347
f 267/1189/348 268/1188/348 260/1187/348
f 268/1192/349 269/1191/349 260/1190/349
f 269/1195/350 270/1194/350 260/1193/350
f 270/1198/351 271/1197/351 260/1196/351
f 271/1201/352 272/1200/352 260/1199/352
f 272/1204/353 262/1203/353 260/1202/353
f 272/1216/354 271/1215/354 270/1214/354 269/1213/354 268/1212/354 267/1211/354 266/1210/354 265/1209/354 264/1208/354 263/1207/354 261/1206/354 262/1205/354
o group814557802
g mesh814557802
usemtl mat9
f 275/1219/355 274/1218/355 273/1217/355
f 274/1222/356 276/1221/356 273/1220/356
f 276/1225/357 277/1224/357 273/1223/357
f 277/1228/358 278/1227/358 273/1226/358
f 278/1231/359 279/1230/359 273/1229/359
f 279/1234/360 280/1233/360 273/1232/360
f 280/1237/361 281/1236/361 273/1235/361
f 281/1240/362 282/1239/362 273/1238/362
f 282/1243/363 283/1242/363 273/1241/363
f 283/1246/364 284/1245/364 273/1244/364
f 284/1249/365 285/1248/365 273/1247/365
f 285/1252/366 275/1251/366 273/1250/366
f 285/1264/367 284/1263/367 283/1262/367 282/1261/367 281/1260/367 280/1259/367 279/1258/367 278/1257/367 277/1256/367 276/1255/367 274/1254/367 275/1253/367
o group175352102
g mesh175352102
usemtl mat9
f 288/1267/368 287/1266/368 286/1265/368
f 287/1270/369 289/1269/369 286/1268/369
f 289/1273/370 290/1272/370 286/1271/370
f 290/1276/371 291/1275/371 286/1274/371
f 291/1279/372 292/1278/372 286/1277/372
f 292/1282/373 293/1281/373 286/1280/373
f 293/1285/374 294/1284/374 286/1283/374
f 294/1288/375 295/1287/375 286/1286/375
f 295/1291/376 296/1290/376 286/1289/376
f 296/1294/377 297/1293/377 286/1292/377
f 297/1297/378 298/1296/378 286/1295/378
f 298/1300/379 288/1299/379 286/1298/379
f 298/1312/380 297/1311/380 296/1310/380 295/1309/380 294/1308/380 293/1307/380 292/1306/380 291/1305/380 290/1304/380 289/1303/380 287/1302/380 288/1301/380
o group1520947967
g mesh1520947967
usemtl mat9
f 301/1315/381 300/1314/381 299/1313/381
f 300/1318/382 302/1317/382 299/1316/382
f 302/1321/383 303/1320/383 299/1319/383
f 303/1324/384 304/1323/384 299/1322/384
f 304/1327/385 305/1326/385 299/1325/385
f 305/1330/386 306/1329/386 299/1328/386
f 306/1333/387 307/1332/387 299/1331/387
f 307/1336/388 308/1335/388 299/1334/388
f 308/1339/389 309/1338/389 299/1337/389
f 309/1342/390 310/1341/390 299/1340/390
f 310/1345/391 311/1344/391 299/1343/391
f 311/1348/392 301/1347/392 299/1346/392
f 311/1360/393 310/1359/393 309/1358/393 308/1357/393 307/1356/393 306/1355/393 305/1354/393 304/1353/393 303/1352/393 302/1351/393 300/1350/393 301/1349/393
o group1585437718
g mesh1585437718
usemtl mat9
f 314/1363/394 313/1362/394 312/1361/394
f 313/1366/395 315/1365/395 312/1364/395
f 315/1369/396 316/1368/396 312/1367/396
f 316/1372/397 317/1371/397 312/1370/397
f 317/1375/398 318/1374/398 312/1373/398
f 318/1378/399 319/1377/399 312/1376/399
f 319/1381/400 320/1380/400 312/1379/400
f 320/1384/401 321/1383/401 312/1382/401
f 321/1387/402 322/1386/402 312/1385/402
f 322/1390/403 323/1389/403 312/1388/403
f 323/1393/404 324/1392/404 312/1391/404
f 324/1396/405 314/1395/405 312/1394/405
f 324/1408/406 323/1407/406 322/1406/406 321/1405/406 320/1404/406 319/1403/406 318/1402/406 317/1401/406 316/1400/406 315/1399/406 313/1398/406 314/1397/406
o group918386093
g mesh918386093
usemtl mat9
f 327/1411/407 326/1410/407 325/1409/407
f 326/1414/408 328/1413/408 325/1412/408
f 328/1417/409 329/1416/409 325/1415/409
f 329/1420/410 330/1419/410 325/1418/410
f 330/1423/411 331/1422/411 325/1421/411
f 331/1426/412 332/1425/412 325/1424/412
f 332/1429/413 333/1428/413 325/1427/413
f 333/1432/414 334/1431/414 325/1430/414
f 334/1435/415 335/1434/415 325/1433/415
f 335/1438/416 336/1437/416 325/1436/416
f 336/1441/417 337/1440/417 325/1439/417
f 337/1444/418 327/1443/418 325/1442/418
f 337/1456/419 336/1455/419 335/1454/419 334/1453/419 333/1452/419 332/1451/419 331/1450/419 330/1449/419 329/1448/419 328/1447/419 326/1446/419 327/1445/419
o group670049967
g mesh670049967
usemtl mat9
f 340/1459/420 339/1458/420 338/1457/420
f 339/1462/421 341/1461/421 338/1460/421
f 341/1465/422 342/1464/422 338/1463/422
f 342/1468/423 343/1467/423 338/1466/423
f 343/1471/424 344/1470/424 338/1469/424
f 344/1474/425 345/1473/425 338/1472/425
f 345/1477/426 346/1476/426 338/1475/426
f 346/1480/427 347/1479/427 338/1478/427
f 347/1483/428 348/1482/428 338/1481/428
f 348/1486/429 349/1485/429 338/1484/429
f 349/1489/430 350/1488/430 338/1487/430
f 350/1492/431 340/1491/431 338/1490/431
f 350/1504/432 349/1503/432 348/1502/432 347/1501/432 346/1500/432 345/1499/432 344/1498/432 343/1497/432 342/1496/432 341/1495/432 339/1494/432 340/1493/432
o group335653614
g mesh335653614
usemtl mat9
f 353/1507/433 352/1506/433 351/1505/433
f 352/1510/434 354/1509/434 351/1508/434
f 354/1513/435 355/1512/435 351/1511/435
f 355/1516/436 356/1515/436 351/1514/436
f 356/1519/437 357/1518/437 351/1517/437
f 357/1522/438 358/1521/438 351/1520/438
f 358/1525/439 359/1524/439 351/1523/439
f 359/1528/440 360/1527/440 351/1526/440
f 360/1531/441 361/1530/441 351/1529/441
f 361/1534/442 362/1533/442 351/1532/442
f 362/1537/443 363/1536/443 351/1535/443
f 363/1540/444 353/1539/444 351/1538/444
f 363/1552/445 362/1551/445 361/1550/445 360/1549/445 359/1548/445 358/1547/445 357/1546/445 356/1545/445 355/1544/445 354/1543/445 352/1542/445 353/1541/445
o group570174927
g mesh570174927
usemtl mat9
f 366/1555/446 365/1554/446 364/1553/446
f 365/1558/447 367/1557/447 364/1556/447
f 367/1561/448 368/1560/448 364/1559/448
f 368/1564/449 369/1563/449 364/1562/449
f 369/1567/450 370/1566/450 364/1565/450
f 370/1570/451 371/1569/451 364/1568/451
f 371/1573/452 372/1572/452 364/1571/452
f 372/1576/453 373/1575/453 364/1574/453
f 373/1579/454 374/1578/454 364/1577/454
f 374/1582/455 375/1581/455 364/1580/455
f 375/1585/456 376/1584/456 364/1583/456
f 376/1588/457 366/1587/457 364/1586/457
f 376/1600/458 375/1599/458 374/1598/458 373/1597/458 372/1596/458 371/1595/458 370/1594/458 369/1593/458 368/1592/458 367/1591/458 365/1590/458 366/1589/458
o group851340539
g mesh851340539
usemtl mat9
f 379/1603/459 378/1602/459 377/1601/459
f 378/1606/460 380/1605/460 377/1604/460
f 380/1609/461 381/1608/461 377/1607/461
f 381/1612/462 382/1611/462 377/1610/462
f 382/1615/463 383/1614/463 377/1613/463
f 383/1618/464 384/1617/464 377/1616/464
f 384/1621/465 385/1620/465 377/1619/465
f 385/1624/466 386/1623/466 377/1622/466
f 386/1627/467 387/1626/467 377/1625/467
f 387/1630/468 388/1629/468 377/1628/468
f 388/1633/469 389/1632/469 377/1631/469
f 389/1636/470 379/1635/470 377/1634/470
f 389/1648/471 388/1647/471 387/1646/471 386/1645/471 385/1644/471 384/1643/471 383/1642/471 382/1641/471 381/1640/471 380/1639/471 378/1638/471 379/1637/471
o group364514687
g mesh364514687
usemtl mat9
f 392/1651/472 391/1650/472 390/1649/472
f 391/1654/473 393/1653/473 390/1652/473
f 393/1657/474 394/1656/474 390/1655/474
f 394/1660/475 395/1659/475 390/1658/475
f 395/1663/476 396/1662/476 390/1661/476
f 396/1666/477 397/1665/477 390/1664/477
f 397/1669/478 398/1668/478 390/1667/478
f 398/1672/479 399/1671/479 390/1670/479
f 399/1675/480 400/1674/480 390/1673/480
f 400/1678/481 401/1677/481 390/1676/481
f 401/1681/482 402/1680/482 390/1679/482
f 402/1684/483 392/1683/483 390/1682/483
f 402/1696/484 401/1695/484 400/1694/484 399/1693/484 398/1692/484 397/1691/484 396/1690/484 395/1689/484 394/1688/484 393/1687/484 391/1686/484 392/1685/484
o group30963590
g mesh30963590
usemtl mat9
f 405/1699/485 404/1698/485 403/1697/485
f 404/1702/486 406/1701/486 403/1700/486
f 406/1705/487 407/1704/487 403/1703/487
f 407/1708/488 408/1707/488 403/1706/488
f 408/1711/489 409/1710/489 403/1709/489
f 409/1714/490 410/1713/490 403/1712/490
f 410/1717/491 411/1716/491 403/1715/491
f 411/1720/492 412/1719/492 403/1718/492
f 412/1723/493 413/1722/493 403/1721/493
f 413/1726/494 414/1725/494 403/1724/494
f 414/1729/495 415/1728/495 403/1727/495
f 415/1732/496 405/1731/496 403/1730/496
f 415/1744/497 414/1743/497 413/1742/497 412/1741/497 411/1740/497 410/1739/497 409/1738/497 408/1737/497 407/1736/497 406/1735/497 404/1734/497 405/1733/497
o group1383841874
g mesh1383841874
usemtl mat9
f 418/1747/498 417/1746/498 416/1745/498
f 417/1750/499 419/1749/499 416/1748/499
f 419/1753/500 420/1752/500 416/1751/500
f 420/1756/501 421/1755/501 416/1754/501
f 421/1759/502 422/1758/502 416/1757/502
f 422/1762/503 423/1761/503 416/1760/503
f 423/1765/504 424/1764/504 416/1763/504
f 424/1768/505 425/1767/505 416/1766/505
f 425/1771/506 426/1770/506 416/1769/506
f 426/1774/507 427/1773/507 416/1772/507
f 427/1777/508 428/1776/508 416/1775/508
f 428/1780/509 418/1779/509 416/1778/509
f 428/1792/510 427/1791/510 426/1790/510 425/1789/510 424/1788/510 423/1787/510 422/1786/510 421/1785/510 420/1784/510 419/1783/510 417/1782/510 418/1781/510
o group867484148
g mesh867484148
usemtl mat9
f 432/1796/511 431/1795/511 430/1794/511 429/1793/511
f 431/1800/512 434/1799/512 433/1798/512 430/1797/512
f 434/1804/513 432/1803/513 429/1802/513 433/1801/513
f 429/1807/514 430/1806/514 433/1805/514
f 434/1810/515 431/1809/515 432/1808/515
o group1206848729
g mesh1206848729
usemtl mat10
f 438/1814/516 437/1813/516 436/1812/516 435/1811/516
f 437/1818/517 440/1817/517 439/1816/517 436/1815/517
f 440/1822/518 438/1821/518 435/1820/518 439/1819/518
f 435/1825/519 436/1824/519 439/1823/519
f 440/1828/520 437/1827/520 438/1826/520
f 442/1832/521 441/1831/521 436/1830/521 439/1829/521
f 441/1836/522 443/1835/522 435/1834/522 436/1833/522
f 443/1840/523 442/1839/523 439/1838/523 435/1837/523
f 445/1847/525 444/1846/525 441/1845/525 442/1844/525
f 444/1851/526 446/1850/526 443/1849/526 441/1848/526
f 446/1855/527 445/1854/527 442/1853/527 443/1852/527
f 448/1862/529 447/1861/529 444/1860/529 445/1859/529
f 447/1866/530 449/1865/530 446/1864/530 444/1863/530
f 449/1870/531 448/1869/531 445/1868/531 446/1867/531
usemtl mat9
f 443/1843/524 441/1842/524 442/1841/524
f 446/1858/528 444/1857/528 445/1856/528
f 449/1873/532 447/1872/532 448/1871/532
o group2111970285
g mesh2111970285
usemtl mat10
f 453/1877/533 452/1876/533 451/1875/533 450/1874/533
f 452/1881/534 455/1880/534 454/1879/534 451/1878/534
f 455/1885/535 453/1884/535 450/1883/535 454/1882/535
f 450/1888/536 451/1887/536 454/1886/536
f 455/1891/537 452/1890/537 453/1889/537
f 457/1895/538 456/1894/538 451/1893/538 454/1892/538
f 456/1899/539 458/1898/539 450/1897/539 451/1896/539
f 458/1903/540 457/1902/540 454/1901/540 450/1900/540
f 458/1906/541 456/1905/541 457/1904/541
f 460/1910/542 459/1909/542 456/1908/542 457/1907/542
f 459/1914/543 461/1913/543 458/1912/543 456/1911/543
f 461/1918/544 460/1917/544 457/1916/544 458/1915/544
f 461/1921/545 459/1920/545 460/1919/545
f 463/1925/546 462/1924/546 459/1923/546 460/1922/546
f 462/1929/547 464/1928/547 461/1927/547 459/1926/547
f 464/1933/548 463/1932/548 460/1931/548 461/1930/548
f 464/1936/549 462/1935/549 463/1934/549
f 466/1940/550 465/1939/550 462/1938/550 463/1937/550
f 465/1944/551 467/1943/551 464/1942/551 462/1941/551
f 467/1948/552 466/1947/552 463/1946/552 464/1945/552
f 467/1951/553 465/1950/553 466/1949/553
o group310391560
g mesh310391560
usemtl mat10
f 471/1955/554 470/1954/554 469/1953/554 468/1952/554
f 470/1959/555 473/1958/555 472/1957/555 469/1956/555
f 473/1963/556 471/1962/556 468/1961/556 472/1960/556
f 468/1966/557 469/1965/557 472/1964/557
f 473/1969/558 470/1968/558 471/1967/558
f 475/1973/559 474/1972/559 469/1971/559 472/1970/559
f 474/1977/560 476/1976/560 468/1975/560 469/1974/560
f 476/1981/561 475/1980/561 472/1979/561 468/1978/561
f 476/1984/562 474/1983/562 475/1982/562
f 478/1988/563 477/1987/563 474/1986/563 475/1985/563
f 477/1992/564 479/1991/564 476/1990/564 474/1989/564
f 479/1996/565 478/1995/565 475/1994/565 476/1993/565
f 479/1999/566 477/1998/566 478/1997/566
f 481/2003/567 480/2002/567 477/2001/567 478/2000/567
f 480/2007/568 482/2006/568 479/2005/568 477/2004/568
f 482/2011/569 481/2010/569 478/2009/569 479/2008/569
f 482/2014/570 480/2013/570 481/2012/570
o group1259809366
g mesh1259809366
usemtl mat10
f 486/2018/571 485/2017/571 484/2016/571 483/2015/571
f 485/2022/572 488/2021/572 487/2020/572 484/2019/572
f 488/2026/573 486/2025/573 483/2024/573 487/2023/573
f 483/2029/574 484/2028/574 487/2027/574
f 488/2032/575 485/2031/575 486/2030/575
f 490/2036/576 489/2035/576 484/2034/576 487/2033/576
f 489/2040/577 491/2039/577 483/2038/577 484/2037/577
f 491/2044/578 490/2043/578 487/2042/578 483/2041/578
f 491/2047/579 489/2046/579 490/2045/579
f 493/2051/580 492/2050/580 489/2049/580 490/2048/580
f 492/2055/581 494/2054/581 491/2053/581 489/2052/581
f 494/2059/582 493/2058/582 490/2057/582 491/2056/582
f 494/2062/583 492/2061/583 493/2060/583
f 496/2066/584 495/2065/584 492/2064/584 493/2063/584
f 495/2070/585 497/2069/585 494/2068/585 492/2067/585
f 497/2074/586 496/2073/586 493/2072/586 494/2071/586
f 497/2077/587 495/2076/587 496/2075/587
o group848263228
g mesh848263228
usemtl mat10
f 501/2081/588 500/2080/588 499/2079/588 498/2078/588
f 500/2085/589 503/2084/589 502/2083/589 499/2082/589
f 503/2089/590 501/2088/590 498/2087/590 502/2086/590
f 498/2092/591 499/2091/591 502/2090/591
f 503/2095/592 500/2094/592 501/2093/592
f 505/2099/593 504/2098/593 499/2097/593 502/2096/593
f 504/2103/594 506/2102/594 498/2101/594 499/2100/594
f 506/2107/595 505/2106/595 502/2105/595 498/2104/595
f 506/2110/596 504/2109/596 505/2108/596
f 508/2114/597 507/2113/597 504/2112/597 505/2111/597
f 507/2118/598 509/2117/598 506/2116/598 504/2115/598
f 509/2122/599 508/2121/599 505/2120/599 506/2119/599
f 509/2125/600 507/2124/600 508/2123/600
f 511/2129/601 510/2128/601 507/2127/601 508/2126/601
f 510/2133/602 512/2132/602 509/2131/602 507/2130/602
f 512/2137/603 511/2136/603 508/2135/603 509/2134/603
f 512/2140/604 510/2139/604 511/2138/604
f 514/2144/605 513/2143/605 510/2142/605 511/2141/605
f 513/2148/606 515/2147/606 512/2146/606 510/2145/606
f 515/2152/607 514/2151/607 511/2150/607 512/2149/607
f 515/2155/608 513/2154/608 514/2153/608
f 517/2159/609 516/2158/609 513/2157/609 514/2156/609
f 516/2163/610 518/2162/610 515/2161/610 513/2160/610
f 518/2167/611 517/2166/611 514/2165/611 515/2164/611
f 518/2170/612 516/2169/612 517/2168/612
f 520/2174/613 519/2173/613 516/2172/613 517/2171/613
f 519/2178/614 521/2177/614 518/2176/614 516/2175/614
f 521/2182/615 520/2181/615 517/2180/615 518/2179/615
f 521/2185/616 519/2184/616 520/2183/616
f 523/2189/617 522/2188/617 519/2187/617 520/2186/617
f 522/2193/618 524/2192/618 521/2191/618 519/2190/618
f 524/2197/619 523/2196/619 520/2195/619 521/2194/619
f 524/2200/620 522/2199/620 523/2198/620
o group971598508
g mesh971598508
usemtl mat10
f 528/2204/621 527/2203/621 526/2202/621 525/2201/621
f 527/2208/622 530/2207/622 529/2206/622 526/2205/622
f 530/2212/623 528/2211/623 525/2210/623 529/2209/623
f 525/2215/624 526/2214/624 529/2213/624
f 530/2218/625 527/2217/625 528/2216/625
f 532/2222/626 531/2221/626 526/2220/626 529/2219/626
f 531/2226/627 533/2225/627 525/2224/627 526/2223/627
f 533/2230/628 532/2229/628 529/2228/628 525/2227/628
f 533/2233/629 531/2232/629 532/2231/629
f 535/2237/630 534/2236/630 531/2235/630 532/2234/630
f 534/2241/631 536/2240/631 533/2239/631 531/2238/631
f 536/2245/632 535/2244/632 532/2243/632 533/2242/632
f 536/2248/633 534/2247/633 535/2246/633
f 538/2252/634 537/2251/634 534/2250/634 535/2249/634
f 537/2256/635 539/2255/635 536/2254/635 534/2253/635
f 539/2260/636 538/2259/636 535/2258/636 536/2257/636
f 539/2263/637 537/2262/637 538/2261/637
o group217698397
g mesh217698397
usemtl mat10
f 543/2267/638 542/2266/638 541/2265/638 540/2264/638
f 542/2271/639 545/2270/639 544/2269/639 541/2268/639
f 545/2275/640 543/2274/640 540/2273/640 544/2272/640
f 540/2278/641 541/2277/641 544/2276/641
f 545/2281/642 542/2280/642 543/2279/642
f 547/2285/643 546/2284/643 541/2283/643 544/2282/643
f 546/2289/644 548/2288/644 540/2287/644 541/2286/644
f 548/2293/645 547/2292/645 544/2291/645 540/2290/645
f 548/2296/646 546/2295/646 547/2294/646
f 550/2300/647 549/2299/647 546/2298/647 547/2297/647
f 549/2304/648 551/2303/648 548/2302/648 546/2301/648
f 551/2308/649 550/2307/649 547/2306/649 548/2305/649
f 551/2311/650 549/2310/650 550/2309/650
f 553/2315/651 552/2314/651 549/2313/651 550/2312/651
f 552/2319/652 554/2318/652 551/2317/652 549/2316/652
f 554/2323/653 553/2322/653 550/2321/653 551/2320/653
f 554/2326/654 552/2325/654 553/2324/654
f 556/2330/655 555/2329/655 552/2328/655 553/2327/655
f 555/2334/656 557/2333/656 554/2332/656 552/2331/656
f 557/2338/657 556/2337/657 553/2336/657 554/2335/657
f 557/2341/658 555/2340/658 556/2339/658
f 559/2345/659 558/2344/659 555/2343/659 556/2342/659
f 558/2349/660 560/2348/660 557/2347/660 555/2346/660
f 560/2353/661 559/2352/661 556/2351/661 557/2350/661
f 560/2356/662 558/2355/662 559/2354/662
f 562/2360/663 561/2359/663 558/2358/663 559/2357/663
f 561/2364/664 563/2363/664 560/2362/664 558/2361/664
f 563/2368/665 562/2367/665 559/2366/665 560/2365/665
f 563/2371/666 561/2370/666 562/2369/666
o group1614116089
g mesh1614116089
usemtl mat10
f 567/2375/667 566/2374/667 565/2373/667 564/2372/667
f 566/2379/668 569/2378/668 568/2377/668 565/2376/668
f 569/2383/669 567/2382/669 564/2381/669 568/2380/669
f 564/2386/670 565/2385/670 568/2384/670
f 569/2389/671 566/2388/671 567/2387/671
f 571/2393/672 570/2392/672 565/2391/672 568/2390/672
f 570/2397/673 572/2396/673 564/2395/673 565/2394/673
f 572/2401/674 571/2400/674 568/2399/674 564/2398/674
f 572/2404/675 570/2403/675 571/2402/675
f 574/2408/676 573/2407/676 570/2406/676 571/2405/676
f 573/2412/677 575/2411/677 572/2410/677 570/2409/677
f 575/2416/678 574/2415/678 571/2414/678 572/2413/678
f 575/2419/679 573/2418/679 574/2417/679
f 577/2423/680 576/2422/680 573/2421/680 574/2420/680
f 576/2427/681 578/2426/681 575/2425/681 573/2424/681
f 578/2431/682 577/2430/682 574/2429/682 575/2428/682
f 578/2434/683 576/2433/683 577/2432/683
f 580/2438/684 579/2437/684 576/2436/684 577/2435/684
f 579/2442/685 581/2441/685 578/2440/685 576/2439/685
f 581/2446/686 580/2445/686 577/2444/686 578/2443/686
f 581/2449/687 579/2448/687 580/2447/687
